ISO-10303-21;
HEADER;
/* Generated by software containing ST-Developer
 * from STEP Tools, Inc. (www.steptools.com) 
 */

FILE_DESCRIPTION(
/* description */ (''),
/* implementation_level */ '2;1');

FILE_NAME(
/* name */ 'SWPA4030S v5.step',
/* time_stamp */ '2026-02-22T00:19:52+03:00',
/* author */ (''),
/* organization */ (''),
/* preprocessor_version */ 'ST-DEVELOPER v20.1',
/* originating_system */ 'Autodesk Translation Framework v14.21.0.0',
/* authorisation */ '');

FILE_SCHEMA (('AUTOMOTIVE_DESIGN { 1 0 10303 214 3 1 1 }'));
ENDSEC;

DATA;
#10=MECHANICAL_DESIGN_GEOMETRIC_PRESENTATION_REPRESENTATION('',(#41,#42,
#43,#44,#45),#2394);
#11=ITEM_DEFINED_TRANSFORMATION($,$,#1386,#1522);
#12=ITEM_DEFINED_TRANSFORMATION($,$,#1503,#1523);
#13=ITEM_DEFINED_TRANSFORMATION($,$,#1509,#1524);
#14=(
REPRESENTATION_RELATIONSHIP($,$,#2411,#2410)
REPRESENTATION_RELATIONSHIP_WITH_TRANSFORMATION(#11)
SHAPE_REPRESENTATION_RELATIONSHIP()
);
#15=(
REPRESENTATION_RELATIONSHIP($,$,#2412,#2410)
REPRESENTATION_RELATIONSHIP_WITH_TRANSFORMATION(#12)
SHAPE_REPRESENTATION_RELATIONSHIP()
);
#16=(
REPRESENTATION_RELATIONSHIP($,$,#2413,#2410)
REPRESENTATION_RELATIONSHIP_WITH_TRANSFORMATION(#13)
SHAPE_REPRESENTATION_RELATIONSHIP()
);
#17=CONTEXT_DEPENDENT_SHAPE_REPRESENTATION(#14,#2407);
#18=CONTEXT_DEPENDENT_SHAPE_REPRESENTATION(#15,#2408);
#19=CONTEXT_DEPENDENT_SHAPE_REPRESENTATION(#16,#2409);
#20=NEXT_ASSEMBLY_USAGE_OCCURRENCE('Body:1','Body:1','Body:1',#2415,#2416,
'Body:1');
#21=NEXT_ASSEMBLY_USAGE_OCCURRENCE('Coil:1','Coil:1','Coil:1',#2415,#2417,
'Coil:1');
#22=NEXT_ASSEMBLY_USAGE_OCCURRENCE('Pins:1','Pins:1','Pins:1',#2415,#2418,
'Pins:1');
#23=SHAPE_REPRESENTATION_RELATIONSHIP('SRR','None',#2411,#26);
#24=SHAPE_REPRESENTATION_RELATIONSHIP('SRR','None',#2412,#27);
#25=SHAPE_REPRESENTATION_RELATIONSHIP('SRR','None',#2413,#28);
#26=ADVANCED_BREP_SHAPE_REPRESENTATION('',(#46,#47),#2391);
#27=ADVANCED_BREP_SHAPE_REPRESENTATION('',(#48),#2392);
#28=ADVANCED_BREP_SHAPE_REPRESENTATION('',(#49,#50),#2393);
#29=ELLIPSE('',#1430,0.10823922002924,0.1);
#30=ELLIPSE('',#1454,0.10823922002924,0.1);
#31=ELLIPSE('',#1471,0.108239220029239,0.1);
#32=ELLIPSE('',#1482,0.10823922002924,0.1);
#33=(
BOUNDED_SURFACE()
B_SPLINE_SURFACE(2,2,((#2054,#2055,#2056),(#2057,#2058,#2059),(#2060,#2061,
#2062)),.UNSPECIFIED.,.F.,.F.,.F.)
B_SPLINE_SURFACE_WITH_KNOTS((3,3),(3,3),(-1.5707963267949,0.),(5.19781362275863E-14,
1.57079632679493),.UNSPECIFIED.)
GEOMETRIC_REPRESENTATION_ITEM()
RATIONAL_B_SPLINE_SURFACE(((1.,0.707106781186555,1.),(0.707106781186549,
0.500000000000007,0.707106781186549),(1.,0.707106781186555,1.)))
REPRESENTATION_ITEM('')
SURFACE()
);
#34=(
BOUNDED_SURFACE()
B_SPLINE_SURFACE(2,2,((#2077,#2078,#2079),(#2080,#2081,#2082),(#2083,#2084,
#2085)),.UNSPECIFIED.,.F.,.F.,.F.)
B_SPLINE_SURFACE_WITH_KNOTS((3,3),(3,3),(-1.5707963267949,0.),(1.57079632679493,
3.14159265358979),.UNSPECIFIED.)
GEOMETRIC_REPRESENTATION_ITEM()
RATIONAL_B_SPLINE_SURFACE(((1.,0.707106781186558,1.),(0.707106781186553,
0.500000000000012,0.707106781186553),(1.,0.707106781186558,1.)))
REPRESENTATION_ITEM('')
SURFACE()
);
#35=(
BOUNDED_SURFACE()
B_SPLINE_SURFACE(2,2,((#2094,#2095,#2096),(#2097,#2098,#2099),(#2100,#2101,
#2102)),.UNSPECIFIED.,.F.,.F.,.F.)
B_SPLINE_SURFACE_WITH_KNOTS((3,3),(3,3),(-1.5707963267949,0.),(5.91653271489411E-14,
0.785398163397525),.UNSPECIFIED.)
GEOMETRIC_REPRESENTATION_ITEM()
RATIONAL_B_SPLINE_SURFACE(((1.,0.923879532511283,1.),(0.707106781186543,
0.653281482438182,0.707106781186543),(1.,0.923879532511283,1.)))
REPRESENTATION_ITEM('')
SURFACE()
);
#36=(
BOUNDED_SURFACE()
B_SPLINE_SURFACE(2,2,((#2120,#2121,#2122),(#2123,#2124,#2125),(#2126,#2127,
#2128)),.UNSPECIFIED.,.F.,.F.,.F.)
B_SPLINE_SURFACE_WITH_KNOTS((3,3),(3,3),(-1.5707963267949,0.),(-0.785398163397514,
5.85492027959347E-14),.UNSPECIFIED.)
GEOMETRIC_REPRESENTATION_ITEM()
RATIONAL_B_SPLINE_SURFACE(((1.,0.923879532511263,1.),(0.707106781186553,
0.653281482438177,0.707106781186553),(1.,0.923879532511263,1.)))
REPRESENTATION_ITEM('')
SURFACE()
);
#37=(
BOUNDED_SURFACE()
B_SPLINE_SURFACE(2,2,((#2146,#2147,#2148),(#2149,#2150,#2151),(#2152,#2153,
#2154)),.UNSPECIFIED.,.F.,.F.,.F.)
B_SPLINE_SURFACE_WITH_KNOTS((3,3),(3,3),(-1.5707963267949,0.),(2.35619449019234,
3.14159265358979),.UNSPECIFIED.)
GEOMETRIC_REPRESENTATION_ITEM()
RATIONAL_B_SPLINE_SURFACE(((1.,0.923879532511286,1.),(0.707106781186556,
0.653281482438195,0.707106781186556),(1.,0.923879532511286,1.)))
REPRESENTATION_ITEM('')
SURFACE()
);
#38=(
BOUNDED_SURFACE()
B_SPLINE_SURFACE(2,2,((#2169,#2170,#2171),(#2172,#2173,#2174),(#2175,#2176,
#2177)),.UNSPECIFIED.,.F.,.F.,.F.)
B_SPLINE_SURFACE_WITH_KNOTS((3,3),(3,3),(-1.5707963267949,5.55111512312574E-15),
(-3.14159265358979,-2.35619449019234),.UNSPECIFIED.)
GEOMETRIC_REPRESENTATION_ITEM()
RATIONAL_B_SPLINE_SURFACE(((1.,0.923879532511286,1.),(0.707106781186546,
0.653281482438186,0.707106781186546),(1.,0.923879532511286,1.)))
REPRESENTATION_ITEM('')
SURFACE()
);
#39=(
BOUNDED_SURFACE()
B_SPLINE_SURFACE(2,2,((#2186,#2187,#2188),(#2189,#2190,#2191),(#2192,#2193,
#2194)),.UNSPECIFIED.,.F.,.F.,.F.)
B_SPLINE_SURFACE_WITH_KNOTS((3,3),(3,3),(-1.5707963267949,0.),(-1.57079632679493,
-6.33791033356627E-14),.UNSPECIFIED.)
GEOMETRIC_REPRESENTATION_ITEM()
RATIONAL_B_SPLINE_SURFACE(((1.,0.707106781186559,1.),(0.707106781186556,
0.500000000000014,0.707106781186556),(1.,0.707106781186559,1.)))
REPRESENTATION_ITEM('')
SURFACE()
);
#40=(
BOUNDED_SURFACE()
B_SPLINE_SURFACE(2,2,((#2212,#2213,#2214),(#2215,#2216,#2217),(#2218,#2219,
#2220)),.UNSPECIFIED.,.F.,.F.,.F.)
B_SPLINE_SURFACE_WITH_KNOTS((3,3),(3,3),(0.,1.5707963267949),(-1.57079632679487,
-1.91981505787843E-15),.UNSPECIFIED.)
GEOMETRIC_REPRESENTATION_ITEM()
RATIONAL_B_SPLINE_SURFACE(((1.,0.707106781186559,1.),(0.707106781186553,
0.500000000000012,0.707106781186553),(1.,0.707106781186559,1.)))
REPRESENTATION_ITEM('')
SURFACE()
);
#41=STYLED_ITEM('',(#2435),#46);
#42=STYLED_ITEM('',(#2435),#47);
#43=STYLED_ITEM('',(#2436),#48);
#44=STYLED_ITEM('',(#2437),#49);
#45=STYLED_ITEM('',(#2437),#50);
#46=MANIFOLD_SOLID_BREP('Body1',#1346);
#47=MANIFOLD_SOLID_BREP('Body2',#1347);
#48=MANIFOLD_SOLID_BREP('Body1',#1348);
#49=MANIFOLD_SOLID_BREP('Body1',#1349);
#50=MANIFOLD_SOLID_BREP('Body2',#1350);
#51=PLANE('',#1390);
#52=PLANE('',#1391);
#53=PLANE('',#1401);
#54=PLANE('',#1404);
#55=PLANE('',#1407);
#56=PLANE('',#1410);
#57=PLANE('',#1413);
#58=PLANE('',#1416);
#59=PLANE('',#1419);
#60=PLANE('',#1420);
#61=PLANE('',#1421);
#62=PLANE('',#1422);
#63=PLANE('',#1423);
#64=PLANE('',#1424);
#65=PLANE('',#1489);
#66=PLANE('',#1490);
#67=PLANE('',#1491);
#68=PLANE('',#1492);
#69=PLANE('',#1493);
#70=PLANE('',#1494);
#71=PLANE('',#1495);
#72=PLANE('',#1496);
#73=PLANE('',#1497);
#74=PLANE('',#1498);
#75=PLANE('',#1499);
#76=PLANE('',#1500);
#77=PLANE('',#1501);
#78=PLANE('',#1502);
#79=PLANE('',#1507);
#80=PLANE('',#1508);
#81=PLANE('',#1510);
#82=PLANE('',#1511);
#83=PLANE('',#1512);
#84=PLANE('',#1513);
#85=PLANE('',#1514);
#86=PLANE('',#1515);
#87=PLANE('',#1516);
#88=PLANE('',#1517);
#89=PLANE('',#1518);
#90=PLANE('',#1519);
#91=PLANE('',#1520);
#92=PLANE('',#1521);
#93=FACE_OUTER_BOUND('',#172,.T.);
#94=FACE_OUTER_BOUND('',#173,.T.);
#95=FACE_OUTER_BOUND('',#174,.T.);
#96=FACE_OUTER_BOUND('',#175,.T.);
#97=FACE_OUTER_BOUND('',#176,.T.);
#98=FACE_OUTER_BOUND('',#177,.T.);
#99=FACE_OUTER_BOUND('',#178,.T.);
#100=FACE_OUTER_BOUND('',#179,.T.);
#101=FACE_OUTER_BOUND('',#180,.T.);
#102=FACE_OUTER_BOUND('',#181,.T.);
#103=FACE_OUTER_BOUND('',#182,.T.);
#104=FACE_OUTER_BOUND('',#183,.T.);
#105=FACE_OUTER_BOUND('',#184,.T.);
#106=FACE_OUTER_BOUND('',#185,.T.);
#107=FACE_OUTER_BOUND('',#186,.T.);
#108=FACE_OUTER_BOUND('',#187,.T.);
#109=FACE_OUTER_BOUND('',#188,.T.);
#110=FACE_OUTER_BOUND('',#189,.T.);
#111=FACE_OUTER_BOUND('',#190,.T.);
#112=FACE_OUTER_BOUND('',#191,.T.);
#113=FACE_OUTER_BOUND('',#192,.T.);
#114=FACE_OUTER_BOUND('',#193,.T.);
#115=FACE_OUTER_BOUND('',#194,.T.);
#116=FACE_OUTER_BOUND('',#195,.T.);
#117=FACE_OUTER_BOUND('',#196,.T.);
#118=FACE_OUTER_BOUND('',#197,.T.);
#119=FACE_OUTER_BOUND('',#198,.T.);
#120=FACE_OUTER_BOUND('',#199,.T.);
#121=FACE_OUTER_BOUND('',#200,.T.);
#122=FACE_OUTER_BOUND('',#201,.T.);
#123=FACE_OUTER_BOUND('',#202,.T.);
#124=FACE_OUTER_BOUND('',#203,.T.);
#125=FACE_OUTER_BOUND('',#204,.T.);
#126=FACE_OUTER_BOUND('',#205,.T.);
#127=FACE_OUTER_BOUND('',#206,.T.);
#128=FACE_OUTER_BOUND('',#207,.T.);
#129=FACE_OUTER_BOUND('',#208,.T.);
#130=FACE_OUTER_BOUND('',#209,.T.);
#131=FACE_OUTER_BOUND('',#210,.T.);
#132=FACE_OUTER_BOUND('',#211,.T.);
#133=FACE_OUTER_BOUND('',#212,.T.);
#134=FACE_OUTER_BOUND('',#213,.T.);
#135=FACE_OUTER_BOUND('',#214,.T.);
#136=FACE_OUTER_BOUND('',#215,.T.);
#137=FACE_OUTER_BOUND('',#216,.T.);
#138=FACE_OUTER_BOUND('',#217,.T.);
#139=FACE_OUTER_BOUND('',#218,.T.);
#140=FACE_OUTER_BOUND('',#219,.T.);
#141=FACE_OUTER_BOUND('',#220,.T.);
#142=FACE_OUTER_BOUND('',#221,.T.);
#143=FACE_OUTER_BOUND('',#222,.T.);
#144=FACE_OUTER_BOUND('',#223,.T.);
#145=FACE_OUTER_BOUND('',#224,.T.);
#146=FACE_OUTER_BOUND('',#225,.T.);
#147=FACE_OUTER_BOUND('',#226,.T.);
#148=FACE_OUTER_BOUND('',#227,.T.);
#149=FACE_OUTER_BOUND('',#228,.T.);
#150=FACE_OUTER_BOUND('',#229,.T.);
#151=FACE_OUTER_BOUND('',#230,.T.);
#152=FACE_OUTER_BOUND('',#231,.T.);
#153=FACE_OUTER_BOUND('',#232,.T.);
#154=FACE_OUTER_BOUND('',#233,.T.);
#155=FACE_OUTER_BOUND('',#234,.T.);
#156=FACE_OUTER_BOUND('',#235,.T.);
#157=FACE_OUTER_BOUND('',#236,.T.);
#158=FACE_OUTER_BOUND('',#237,.T.);
#159=FACE_OUTER_BOUND('',#238,.T.);
#160=FACE_OUTER_BOUND('',#239,.T.);
#161=FACE_OUTER_BOUND('',#240,.T.);
#162=FACE_OUTER_BOUND('',#241,.T.);
#163=FACE_OUTER_BOUND('',#242,.T.);
#164=FACE_OUTER_BOUND('',#243,.T.);
#165=FACE_OUTER_BOUND('',#244,.T.);
#166=FACE_OUTER_BOUND('',#245,.T.);
#167=FACE_OUTER_BOUND('',#246,.T.);
#168=FACE_OUTER_BOUND('',#247,.T.);
#169=FACE_OUTER_BOUND('',#248,.T.);
#170=FACE_OUTER_BOUND('',#249,.T.);
#171=FACE_OUTER_BOUND('',#250,.T.);
#172=EDGE_LOOP('',(#864,#865,#866,#867));
#173=EDGE_LOOP('',(#868,#869,#870,#871));
#174=EDGE_LOOP('',(#872,#873,#874,#875,#876,#877,#878,#879,#880,#881,#882,
#883,#884,#885,#886,#887,#888,#889,#890,#891));
#175=EDGE_LOOP('',(#892,#893,#894,#895));
#176=EDGE_LOOP('',(#896,#897,#898,#899));
#177=EDGE_LOOP('',(#900,#901,#902,#903));
#178=EDGE_LOOP('',(#904,#905,#906,#907));
#179=EDGE_LOOP('',(#908,#909,#910,#911));
#180=EDGE_LOOP('',(#912,#913,#914,#915));
#181=EDGE_LOOP('',(#916,#917,#918,#919));
#182=EDGE_LOOP('',(#920,#921,#922,#923));
#183=EDGE_LOOP('',(#924,#925,#926,#927));
#184=EDGE_LOOP('',(#928,#929,#930,#931));
#185=EDGE_LOOP('',(#932,#933,#934,#935));
#186=EDGE_LOOP('',(#936,#937,#938,#939));
#187=EDGE_LOOP('',(#940,#941,#942,#943));
#188=EDGE_LOOP('',(#944,#945,#946,#947));
#189=EDGE_LOOP('',(#948,#949,#950,#951));
#190=EDGE_LOOP('',(#952,#953,#954,#955));
#191=EDGE_LOOP('',(#956,#957,#958,#959));
#192=EDGE_LOOP('',(#960,#961,#962,#963));
#193=EDGE_LOOP('',(#964,#965,#966,#967,#968,#969,#970,#971,#972,#973,#974,
#975,#976,#977,#978,#979,#980,#981,#982,#983));
#194=EDGE_LOOP('',(#984,#985,#986,#987));
#195=EDGE_LOOP('',(#988,#989,#990,#991));
#196=EDGE_LOOP('',(#992,#993,#994,#995));
#197=EDGE_LOOP('',(#996,#997,#998,#999));
#198=EDGE_LOOP('',(#1000,#1001,#1002,#1003));
#199=EDGE_LOOP('',(#1004,#1005,#1006,#1007));
#200=EDGE_LOOP('',(#1008,#1009,#1010,#1011));
#201=EDGE_LOOP('',(#1012,#1013,#1014,#1015));
#202=EDGE_LOOP('',(#1016,#1017,#1018,#1019));
#203=EDGE_LOOP('',(#1020,#1021,#1022,#1023));
#204=EDGE_LOOP('',(#1024,#1025,#1026,#1027));
#205=EDGE_LOOP('',(#1028,#1029,#1030,#1031));
#206=EDGE_LOOP('',(#1032,#1033,#1034,#1035));
#207=EDGE_LOOP('',(#1036,#1037,#1038,#1039));
#208=EDGE_LOOP('',(#1040,#1041,#1042,#1043));
#209=EDGE_LOOP('',(#1044,#1045,#1046,#1047));
#210=EDGE_LOOP('',(#1048,#1049,#1050,#1051));
#211=EDGE_LOOP('',(#1052,#1053,#1054,#1055));
#212=EDGE_LOOP('',(#1056,#1057,#1058,#1059));
#213=EDGE_LOOP('',(#1060,#1061,#1062,#1063));
#214=EDGE_LOOP('',(#1064,#1065,#1066,#1067));
#215=EDGE_LOOP('',(#1068,#1069,#1070,#1071));
#216=EDGE_LOOP('',(#1072,#1073,#1074,#1075));
#217=EDGE_LOOP('',(#1076,#1077,#1078,#1079));
#218=EDGE_LOOP('',(#1080,#1081,#1082,#1083));
#219=EDGE_LOOP('',(#1084,#1085,#1086,#1087));
#220=EDGE_LOOP('',(#1088,#1089,#1090,#1091));
#221=EDGE_LOOP('',(#1092,#1093,#1094,#1095));
#222=EDGE_LOOP('',(#1096,#1097,#1098,#1099));
#223=EDGE_LOOP('',(#1100,#1101,#1102,#1103));
#224=EDGE_LOOP('',(#1104,#1105,#1106,#1107));
#225=EDGE_LOOP('',(#1108,#1109,#1110,#1111));
#226=EDGE_LOOP('',(#1112,#1113,#1114,#1115));
#227=EDGE_LOOP('',(#1116,#1117,#1118,#1119));
#228=EDGE_LOOP('',(#1120,#1121,#1122,#1123,#1124,#1125,#1126,#1127,#1128,
#1129,#1130,#1131,#1132,#1133,#1134,#1135,#1136,#1137,#1138,#1139));
#229=EDGE_LOOP('',(#1140,#1141,#1142,#1143,#1144,#1145,#1146,#1147,#1148,
#1149,#1150,#1151,#1152,#1153,#1154,#1155,#1156,#1157,#1158,#1159));
#230=EDGE_LOOP('',(#1160,#1161,#1162,#1163));
#231=EDGE_LOOP('',(#1164,#1165,#1166,#1167));
#232=EDGE_LOOP('',(#1168,#1169,#1170,#1171));
#233=EDGE_LOOP('',(#1172,#1173,#1174,#1175));
#234=EDGE_LOOP('',(#1176,#1177,#1178,#1179));
#235=EDGE_LOOP('',(#1180,#1181,#1182,#1183));
#236=EDGE_LOOP('',(#1184,#1185,#1186,#1187));
#237=EDGE_LOOP('',(#1188));
#238=EDGE_LOOP('',(#1189));
#239=EDGE_LOOP('',(#1190,#1191,#1192,#1193));
#240=EDGE_LOOP('',(#1194,#1195,#1196,#1197));
#241=EDGE_LOOP('',(#1198,#1199,#1200,#1201));
#242=EDGE_LOOP('',(#1202,#1203,#1204,#1205));
#243=EDGE_LOOP('',(#1206,#1207,#1208,#1209));
#244=EDGE_LOOP('',(#1210,#1211,#1212,#1213));
#245=EDGE_LOOP('',(#1214,#1215,#1216,#1217));
#246=EDGE_LOOP('',(#1218,#1219,#1220,#1221));
#247=EDGE_LOOP('',(#1222,#1223,#1224,#1225));
#248=EDGE_LOOP('',(#1226,#1227,#1228,#1229));
#249=EDGE_LOOP('',(#1230,#1231,#1232,#1233));
#250=EDGE_LOOP('',(#1234,#1235,#1236,#1237));
#251=LINE('',#1937,#376);
#252=LINE('',#1940,#377);
#253=LINE('',#1943,#378);
#254=LINE('',#1945,#379);
#255=LINE('',#1946,#380);
#256=LINE('',#1949,#381);
#257=LINE('',#1951,#382);
#258=LINE('',#1955,#383);
#259=LINE('',#1959,#384);
#260=LINE('',#1961,#385);
#261=LINE('',#1965,#386);
#262=LINE('',#1969,#387);
#263=LINE('',#1971,#388);
#264=LINE('',#1975,#389);
#265=LINE('',#1979,#390);
#266=LINE('',#1981,#391);
#267=LINE('',#1985,#392);
#268=LINE('',#1989,#393);
#269=LINE('',#1990,#394);
#270=LINE('',#1993,#395);
#271=LINE('',#1996,#396);
#272=LINE('',#1999,#397);
#273=LINE('',#2000,#398);
#274=LINE('',#2003,#399);
#275=LINE('',#2007,#400);
#276=LINE('',#2008,#401);
#277=LINE('',#2011,#402);
#278=LINE('',#2014,#403);
#279=LINE('',#2017,#404);
#280=LINE('',#2018,#405);
#281=LINE('',#2021,#406);
#282=LINE('',#2025,#407);
#283=LINE('',#2026,#408);
#284=LINE('',#2029,#409);
#285=LINE('',#2032,#410);
#286=LINE('',#2035,#411);
#287=LINE('',#2036,#412);
#288=LINE('',#2039,#413);
#289=LINE('',#2043,#414);
#290=LINE('',#2044,#415);
#291=LINE('',#2046,#416);
#292=LINE('',#2048,#417);
#293=LINE('',#2050,#418);
#294=LINE('',#2052,#419);
#295=LINE('',#2073,#420);
#296=LINE('',#2075,#421);
#297=LINE('',#2112,#422);
#298=LINE('',#2113,#423);
#299=LINE('',#2118,#424);
#300=LINE('',#2119,#425);
#301=LINE('',#2138,#426);
#302=LINE('',#2139,#427);
#303=LINE('',#2144,#428);
#304=LINE('',#2145,#429);
#305=LINE('',#2165,#430);
#306=LINE('',#2167,#431);
#307=LINE('',#2204,#432);
#308=LINE('',#2205,#433);
#309=LINE('',#2210,#434);
#310=LINE('',#2211,#435);
#311=LINE('',#2231,#436);
#312=LINE('',#2233,#437);
#313=LINE('',#2236,#438);
#314=LINE('',#2237,#439);
#315=LINE('',#2242,#440);
#316=LINE('',#2243,#441);
#317=LINE('',#2245,#442);
#318=LINE('',#2246,#443);
#319=LINE('',#2251,#444);
#320=LINE('',#2252,#445);
#321=LINE('',#2254,#446);
#322=LINE('',#2255,#447);
#323=LINE('',#2260,#448);
#324=LINE('',#2261,#449);
#325=LINE('',#2264,#450);
#326=LINE('',#2266,#451);
#327=LINE('',#2269,#452);
#328=LINE('',#2270,#453);
#329=LINE('',#2275,#454);
#330=LINE('',#2276,#455);
#331=LINE('',#2278,#456);
#332=LINE('',#2279,#457);
#333=LINE('',#2284,#458);
#334=LINE('',#2285,#459);
#335=LINE('',#2288,#460);
#336=LINE('',#2289,#461);
#337=LINE('',#2291,#462);
#338=LINE('',#2293,#463);
#339=LINE('',#2296,#464);
#340=LINE('',#2297,#465);
#341=LINE('',#2299,#466);
#342=LINE('',#2301,#467);
#343=LINE('',#2304,#468);
#344=LINE('',#2305,#469);
#345=LINE('',#2306,#470);
#346=LINE('',#2308,#471);
#347=LINE('',#2309,#472);
#348=LINE('',#2310,#473);
#349=LINE('',#2313,#474);
#350=LINE('',#2316,#475);
#351=LINE('',#2325,#476);
#352=LINE('',#2333,#477);
#353=LINE('',#2335,#478);
#354=LINE('',#2337,#479);
#355=LINE('',#2338,#480);
#356=LINE('',#2341,#481);
#357=LINE('',#2343,#482);
#358=LINE('',#2344,#483);
#359=LINE('',#2347,#484);
#360=LINE('',#2349,#485);
#361=LINE('',#2350,#486);
#362=LINE('',#2352,#487);
#363=LINE('',#2353,#488);
#364=LINE('',#2359,#489);
#365=LINE('',#2361,#490);
#366=LINE('',#2363,#491);
#367=LINE('',#2364,#492);
#368=LINE('',#2367,#493);
#369=LINE('',#2369,#494);
#370=LINE('',#2370,#495);
#371=LINE('',#2373,#496);
#372=LINE('',#2375,#497);
#373=LINE('',#2376,#498);
#374=LINE('',#2378,#499);
#375=LINE('',#2379,#500);
#376=VECTOR('',#1533,10.);
#377=VECTOR('',#1536,10.);
#378=VECTOR('',#1539,10.);
#379=VECTOR('',#1540,10.);
#380=VECTOR('',#1541,10.);
#381=VECTOR('',#1544,10.);
#382=VECTOR('',#1545,10.);
#383=VECTOR('',#1548,10.);
#384=VECTOR('',#1551,10.);
#385=VECTOR('',#1552,10.);
#386=VECTOR('',#1555,10.);
#387=VECTOR('',#1558,10.);
#388=VECTOR('',#1559,10.);
#389=VECTOR('',#1562,10.);
#390=VECTOR('',#1565,10.);
#391=VECTOR('',#1566,10.);
#392=VECTOR('',#1571,10.);
#393=VECTOR('',#1576,10.);
#394=VECTOR('',#1577,10.);
#395=VECTOR('',#1580,10.);
#396=VECTOR('',#1583,10.);
#397=VECTOR('',#1586,10.);
#398=VECTOR('',#1587,10.);
#399=VECTOR('',#1590,10.);
#400=VECTOR('',#1595,10.);
#401=VECTOR('',#1596,10.);
#402=VECTOR('',#1599,10.);
#403=VECTOR('',#1602,10.);
#404=VECTOR('',#1605,10.);
#405=VECTOR('',#1606,10.);
#406=VECTOR('',#1609,10.);
#407=VECTOR('',#1614,10.);
#408=VECTOR('',#1615,10.);
#409=VECTOR('',#1618,10.);
#410=VECTOR('',#1621,10.);
#411=VECTOR('',#1624,10.);
#412=VECTOR('',#1625,10.);
#413=VECTOR('',#1628,10.);
#414=VECTOR('',#1633,10.);
#415=VECTOR('',#1634,10.);
#416=VECTOR('',#1637,10.);
#417=VECTOR('',#1640,10.);
#418=VECTOR('',#1643,10.);
#419=VECTOR('',#1646,10.);
#420=VECTOR('',#1659,10.);
#421=VECTOR('',#1660,10.);
#422=VECTOR('',#1681,10.);
#423=VECTOR('',#1682,10.);
#424=VECTOR('',#1687,10.);
#425=VECTOR('',#1688,10.);
#426=VECTOR('',#1699,10.);
#427=VECTOR('',#1700,10.);
#428=VECTOR('',#1705,10.);
#429=VECTOR('',#1706,10.);
#430=VECTOR('',#1717,10.);
#431=VECTOR('',#1718,10.);
#432=VECTOR('',#1739,10.);
#433=VECTOR('',#1740,10.);
#434=VECTOR('',#1745,10.);
#435=VECTOR('',#1746,10.);
#436=VECTOR('',#1757,10.);
#437=VECTOR('',#1758,10.);
#438=VECTOR('',#1763,10.);
#439=VECTOR('',#1764,10.);
#440=VECTOR('',#1769,10.);
#441=VECTOR('',#1770,10.);
#442=VECTOR('',#1773,10.);
#443=VECTOR('',#1774,10.);
#444=VECTOR('',#1779,10.);
#445=VECTOR('',#1780,10.);
#446=VECTOR('',#1783,10.);
#447=VECTOR('',#1784,10.);
#448=VECTOR('',#1789,10.);
#449=VECTOR('',#1790,10.);
#450=VECTOR('',#1793,10.);
#451=VECTOR('',#1794,10.);
#452=VECTOR('',#1799,10.);
#453=VECTOR('',#1800,10.);
#454=VECTOR('',#1805,10.);
#455=VECTOR('',#1806,10.);
#456=VECTOR('',#1809,10.);
#457=VECTOR('',#1810,10.);
#458=VECTOR('',#1815,10.);
#459=VECTOR('',#1816,10.);
#460=VECTOR('',#1819,10.);
#461=VECTOR('',#1820,10.);
#462=VECTOR('',#1823,10.);
#463=VECTOR('',#1826,10.);
#464=VECTOR('',#1829,10.);
#465=VECTOR('',#1830,10.);
#466=VECTOR('',#1833,10.);
#467=VECTOR('',#1836,10.);
#468=VECTOR('',#1839,10.);
#469=VECTOR('',#1840,10.);
#470=VECTOR('',#1841,10.);
#471=VECTOR('',#1842,10.);
#472=VECTOR('',#1843,10.);
#473=VECTOR('',#1844,10.);
#474=VECTOR('',#1849,10.);
#475=VECTOR('',#1854,10.);
#476=VECTOR('',#1867,1.8);
#477=VECTOR('',#1878,10.);
#478=VECTOR('',#1879,10.);
#479=VECTOR('',#1880,10.);
#480=VECTOR('',#1881,10.);
#481=VECTOR('',#1884,10.);
#482=VECTOR('',#1885,10.);
#483=VECTOR('',#1886,10.);
#484=VECTOR('',#1889,10.);
#485=VECTOR('',#1890,10.);
#486=VECTOR('',#1891,10.);
#487=VECTOR('',#1894,10.);
#488=VECTOR('',#1895,10.);
#489=VECTOR('',#1902,10.);
#490=VECTOR('',#1903,10.);
#491=VECTOR('',#1904,10.);
#492=VECTOR('',#1905,10.);
#493=VECTOR('',#1908,10.);
#494=VECTOR('',#1909,10.);
#495=VECTOR('',#1910,10.);
#496=VECTOR('',#1913,10.);
#497=VECTOR('',#1914,10.);
#498=VECTOR('',#1915,10.);
#499=VECTOR('',#1918,10.);
#500=VECTOR('',#1919,10.);
#501=CIRCLE('',#1388,0.2);
#502=CIRCLE('',#1389,0.2);
#503=CIRCLE('',#1392,0.1);
#504=CIRCLE('',#1393,0.1);
#505=CIRCLE('',#1394,0.2);
#506=CIRCLE('',#1395,0.2);
#507=CIRCLE('',#1396,0.1);
#508=CIRCLE('',#1397,0.1);
#509=CIRCLE('',#1398,0.2);
#510=CIRCLE('',#1400,0.2);
#511=CIRCLE('',#1403,0.2);
#512=CIRCLE('',#1406,0.2);
#513=CIRCLE('',#1409,0.1);
#514=CIRCLE('',#1412,0.1);
#515=CIRCLE('',#1415,0.1);
#516=CIRCLE('',#1418,0.1);
#517=CIRCLE('',#1425,0.1);
#518=CIRCLE('',#1426,0.1);
#519=CIRCLE('',#1427,0.2);
#520=CIRCLE('',#1428,0.1);
#521=CIRCLE('',#1431,0.0999999999999995);
#522=CIRCLE('',#1432,0.1);
#523=CIRCLE('',#1433,0.2);
#524=CIRCLE('',#1434,0.1);
#525=CIRCLE('',#1435,0.1);
#526=CIRCLE('',#1436,0.1);
#527=CIRCLE('',#1437,0.2);
#528=CIRCLE('',#1438,0.1);
#529=CIRCLE('',#1441,0.2);
#530=CIRCLE('',#1442,0.1);
#531=CIRCLE('',#1443,0.1);
#532=CIRCLE('',#1444,0.2);
#533=CIRCLE('',#1445,0.1);
#534=CIRCLE('',#1448,0.2);
#535=CIRCLE('',#1449,0.1);
#536=CIRCLE('',#1450,0.1);
#537=CIRCLE('',#1451,0.2);
#538=CIRCLE('',#1452,0.1);
#539=CIRCLE('',#1455,0.0999999999999998);
#540=CIRCLE('',#1456,0.1);
#541=CIRCLE('',#1457,0.2);
#542=CIRCLE('',#1458,0.1);
#543=CIRCLE('',#1459,0.0999999999999998);
#544=CIRCLE('',#1460,0.1);
#545=CIRCLE('',#1461,0.2);
#546=CIRCLE('',#1462,0.1);
#547=CIRCLE('',#1465,0.2);
#548=CIRCLE('',#1466,0.2);
#549=CIRCLE('',#1467,0.1);
#550=CIRCLE('',#1468,0.0999999999999998);
#551=CIRCLE('',#1469,0.1);
#552=CIRCLE('',#1474,0.2);
#553=CIRCLE('',#1477,0.2);
#554=CIRCLE('',#1480,0.2);
#555=CIRCLE('',#1485,0.2);
#556=CIRCLE('',#1488,0.2);
#557=CIRCLE('',#1505,1.8);
#558=CIRCLE('',#1506,1.8);
#559=VERTEX_POINT('',#1933);
#560=VERTEX_POINT('',#1934);
#561=VERTEX_POINT('',#1936);
#562=VERTEX_POINT('',#1938);
#563=VERTEX_POINT('',#1942);
#564=VERTEX_POINT('',#1944);
#565=VERTEX_POINT('',#1948);
#566=VERTEX_POINT('',#1950);
#567=VERTEX_POINT('',#1952);
#568=VERTEX_POINT('',#1954);
#569=VERTEX_POINT('',#1956);
#570=VERTEX_POINT('',#1958);
#571=VERTEX_POINT('',#1960);
#572=VERTEX_POINT('',#1962);
#573=VERTEX_POINT('',#1964);
#574=VERTEX_POINT('',#1966);
#575=VERTEX_POINT('',#1968);
#576=VERTEX_POINT('',#1970);
#577=VERTEX_POINT('',#1972);
#578=VERTEX_POINT('',#1974);
#579=VERTEX_POINT('',#1976);
#580=VERTEX_POINT('',#1978);
#581=VERTEX_POINT('',#1980);
#582=VERTEX_POINT('',#1984);
#583=VERTEX_POINT('',#1988);
#584=VERTEX_POINT('',#1992);
#585=VERTEX_POINT('',#1994);
#586=VERTEX_POINT('',#1998);
#587=VERTEX_POINT('',#2002);
#588=VERTEX_POINT('',#2006);
#589=VERTEX_POINT('',#2010);
#590=VERTEX_POINT('',#2012);
#591=VERTEX_POINT('',#2016);
#592=VERTEX_POINT('',#2020);
#593=VERTEX_POINT('',#2024);
#594=VERTEX_POINT('',#2028);
#595=VERTEX_POINT('',#2030);
#596=VERTEX_POINT('',#2034);
#597=VERTEX_POINT('',#2038);
#598=VERTEX_POINT('',#2042);
#599=VERTEX_POINT('',#2063);
#600=VERTEX_POINT('',#2064);
#601=VERTEX_POINT('',#2066);
#602=VERTEX_POINT('',#2068);
#603=VERTEX_POINT('',#2072);
#604=VERTEX_POINT('',#2074);
#605=VERTEX_POINT('',#2086);
#606=VERTEX_POINT('',#2087);
#607=VERTEX_POINT('',#2089);
#608=VERTEX_POINT('',#2091);
#609=VERTEX_POINT('',#2103);
#610=VERTEX_POINT('',#2104);
#611=VERTEX_POINT('',#2106);
#612=VERTEX_POINT('',#2108);
#613=VERTEX_POINT('',#2115);
#614=VERTEX_POINT('',#2116);
#615=VERTEX_POINT('',#2129);
#616=VERTEX_POINT('',#2130);
#617=VERTEX_POINT('',#2132);
#618=VERTEX_POINT('',#2134);
#619=VERTEX_POINT('',#2141);
#620=VERTEX_POINT('',#2142);
#621=VERTEX_POINT('',#2155);
#622=VERTEX_POINT('',#2156);
#623=VERTEX_POINT('',#2158);
#624=VERTEX_POINT('',#2160);
#625=VERTEX_POINT('',#2164);
#626=VERTEX_POINT('',#2166);
#627=VERTEX_POINT('',#2178);
#628=VERTEX_POINT('',#2179);
#629=VERTEX_POINT('',#2181);
#630=VERTEX_POINT('',#2183);
#631=VERTEX_POINT('',#2195);
#632=VERTEX_POINT('',#2196);
#633=VERTEX_POINT('',#2198);
#634=VERTEX_POINT('',#2200);
#635=VERTEX_POINT('',#2207);
#636=VERTEX_POINT('',#2208);
#637=VERTEX_POINT('',#2221);
#638=VERTEX_POINT('',#2222);
#639=VERTEX_POINT('',#2224);
#640=VERTEX_POINT('',#2226);
#641=VERTEX_POINT('',#2230);
#642=VERTEX_POINT('',#2232);
#643=VERTEX_POINT('',#2239);
#644=VERTEX_POINT('',#2240);
#645=VERTEX_POINT('',#2248);
#646=VERTEX_POINT('',#2249);
#647=VERTEX_POINT('',#2257);
#648=VERTEX_POINT('',#2258);
#649=VERTEX_POINT('',#2263);
#650=VERTEX_POINT('',#2265);
#651=VERTEX_POINT('',#2272);
#652=VERTEX_POINT('',#2273);
#653=VERTEX_POINT('',#2281);
#654=VERTEX_POINT('',#2282);
#655=VERTEX_POINT('',#2287);
#656=VERTEX_POINT('',#2295);
#657=VERTEX_POINT('',#2303);
#658=VERTEX_POINT('',#2307);
#659=VERTEX_POINT('',#2322);
#660=VERTEX_POINT('',#2324);
#661=VERTEX_POINT('',#2331);
#662=VERTEX_POINT('',#2332);
#663=VERTEX_POINT('',#2334);
#664=VERTEX_POINT('',#2336);
#665=VERTEX_POINT('',#2340);
#666=VERTEX_POINT('',#2342);
#667=VERTEX_POINT('',#2346);
#668=VERTEX_POINT('',#2348);
#669=VERTEX_POINT('',#2357);
#670=VERTEX_POINT('',#2358);
#671=VERTEX_POINT('',#2360);
#672=VERTEX_POINT('',#2362);
#673=VERTEX_POINT('',#2366);
#674=VERTEX_POINT('',#2368);
#675=VERTEX_POINT('',#2372);
#676=VERTEX_POINT('',#2374);
#677=EDGE_CURVE('',#559,#560,#501,.T.);
#678=EDGE_CURVE('',#560,#561,#251,.T.);
#679=EDGE_CURVE('',#561,#562,#502,.T.);
#680=EDGE_CURVE('',#562,#559,#252,.T.);
#681=EDGE_CURVE('',#563,#560,#253,.T.);
#682=EDGE_CURVE('',#564,#563,#254,.T.);
#683=EDGE_CURVE('',#564,#561,#255,.T.);
#684=EDGE_CURVE('',#559,#565,#256,.T.);
#685=EDGE_CURVE('',#565,#566,#257,.T.);
#686=EDGE_CURVE('',#567,#566,#503,.T.);
#687=EDGE_CURVE('',#567,#568,#258,.T.);
#688=EDGE_CURVE('',#569,#568,#504,.T.);
#689=EDGE_CURVE('',#569,#570,#259,.T.);
#690=EDGE_CURVE('',#570,#571,#260,.T.);
#691=EDGE_CURVE('',#572,#571,#505,.T.);
#692=EDGE_CURVE('',#572,#573,#261,.T.);
#693=EDGE_CURVE('',#574,#573,#506,.T.);
#694=EDGE_CURVE('',#574,#575,#262,.T.);
#695=EDGE_CURVE('',#575,#576,#263,.T.);
#696=EDGE_CURVE('',#577,#576,#507,.T.);
#697=EDGE_CURVE('',#577,#578,#264,.T.);
#698=EDGE_CURVE('',#579,#578,#508,.T.);
#699=EDGE_CURVE('',#579,#580,#265,.T.);
#700=EDGE_CURVE('',#580,#581,#266,.T.);
#701=EDGE_CURVE('',#563,#581,#509,.T.);
#702=EDGE_CURVE('',#581,#582,#267,.T.);
#703=EDGE_CURVE('',#582,#564,#510,.T.);
#704=EDGE_CURVE('',#583,#580,#268,.T.);
#705=EDGE_CURVE('',#583,#582,#269,.T.);
#706=EDGE_CURVE('',#573,#584,#270,.T.);
#707=EDGE_CURVE('',#584,#585,#511,.T.);
#708=EDGE_CURVE('',#585,#574,#271,.T.);
#709=EDGE_CURVE('',#586,#572,#272,.T.);
#710=EDGE_CURVE('',#586,#584,#273,.T.);
#711=EDGE_CURVE('',#571,#587,#274,.T.);
#712=EDGE_CURVE('',#587,#586,#512,.T.);
#713=EDGE_CURVE('',#588,#570,#275,.T.);
#714=EDGE_CURVE('',#588,#587,#276,.T.);
#715=EDGE_CURVE('',#568,#589,#277,.T.);
#716=EDGE_CURVE('',#589,#590,#513,.T.);
#717=EDGE_CURVE('',#590,#569,#278,.T.);
#718=EDGE_CURVE('',#591,#567,#279,.T.);
#719=EDGE_CURVE('',#589,#591,#280,.T.);
#720=EDGE_CURVE('',#566,#592,#281,.T.);
#721=EDGE_CURVE('',#592,#591,#514,.T.);
#722=EDGE_CURVE('',#593,#565,#282,.T.);
#723=EDGE_CURVE('',#592,#593,#283,.T.);
#724=EDGE_CURVE('',#578,#594,#284,.T.);
#725=EDGE_CURVE('',#594,#595,#515,.T.);
#726=EDGE_CURVE('',#595,#579,#285,.T.);
#727=EDGE_CURVE('',#596,#577,#286,.T.);
#728=EDGE_CURVE('',#596,#594,#287,.T.);
#729=EDGE_CURVE('',#576,#597,#288,.T.);
#730=EDGE_CURVE('',#597,#596,#516,.T.);
#731=EDGE_CURVE('',#598,#575,#289,.T.);
#732=EDGE_CURVE('',#597,#598,#290,.T.);
#733=EDGE_CURVE('',#598,#585,#291,.T.);
#734=EDGE_CURVE('',#590,#588,#292,.T.);
#735=EDGE_CURVE('',#593,#562,#293,.T.);
#736=EDGE_CURVE('',#595,#583,#294,.T.);
#737=EDGE_CURVE('',#599,#600,#517,.T.);
#738=EDGE_CURVE('',#601,#600,#518,.T.);
#739=EDGE_CURVE('',#602,#601,#519,.F.);
#740=EDGE_CURVE('',#599,#602,#520,.T.);
#741=EDGE_CURVE('',#603,#599,#295,.T.);
#742=EDGE_CURVE('',#602,#604,#296,.T.);
#743=EDGE_CURVE('',#604,#603,#29,.T.);
#744=EDGE_CURVE('',#605,#606,#521,.T.);
#745=EDGE_CURVE('',#607,#606,#522,.T.);
#746=EDGE_CURVE('',#608,#607,#523,.F.);
#747=EDGE_CURVE('',#605,#608,#524,.T.);
#748=EDGE_CURVE('',#609,#610,#525,.T.);
#749=EDGE_CURVE('',#611,#610,#526,.T.);
#750=EDGE_CURVE('',#612,#611,#527,.F.);
#751=EDGE_CURVE('',#609,#612,#528,.T.);
#752=EDGE_CURVE('',#604,#611,#297,.T.);
#753=EDGE_CURVE('',#610,#603,#298,.T.);
#754=EDGE_CURVE('',#613,#614,#529,.T.);
#755=EDGE_CURVE('',#614,#612,#299,.T.);
#756=EDGE_CURVE('',#611,#613,#300,.T.);
#757=EDGE_CURVE('',#615,#616,#530,.T.);
#758=EDGE_CURVE('',#617,#616,#531,.T.);
#759=EDGE_CURVE('',#618,#617,#532,.F.);
#760=EDGE_CURVE('',#615,#618,#533,.T.);
#761=EDGE_CURVE('',#616,#609,#301,.T.);
#762=EDGE_CURVE('',#612,#617,#302,.T.);
#763=EDGE_CURVE('',#619,#620,#534,.T.);
#764=EDGE_CURVE('',#620,#618,#303,.T.);
#765=EDGE_CURVE('',#617,#619,#304,.T.);
#766=EDGE_CURVE('',#621,#622,#535,.T.);
#767=EDGE_CURVE('',#623,#622,#536,.T.);
#768=EDGE_CURVE('',#624,#623,#537,.F.);
#769=EDGE_CURVE('',#621,#624,#538,.T.);
#770=EDGE_CURVE('',#625,#615,#305,.T.);
#771=EDGE_CURVE('',#618,#626,#306,.T.);
#772=EDGE_CURVE('',#626,#625,#30,.T.);
#773=EDGE_CURVE('',#627,#628,#539,.T.);
#774=EDGE_CURVE('',#629,#628,#540,.T.);
#775=EDGE_CURVE('',#630,#629,#541,.F.);
#776=EDGE_CURVE('',#627,#630,#542,.T.);
#777=EDGE_CURVE('',#631,#632,#543,.T.);
#778=EDGE_CURVE('',#633,#632,#544,.T.);
#779=EDGE_CURVE('',#634,#633,#545,.F.);
#780=EDGE_CURVE('',#631,#634,#546,.T.);
#781=EDGE_CURVE('',#626,#633,#307,.T.);
#782=EDGE_CURVE('',#632,#625,#308,.T.);
#783=EDGE_CURVE('',#635,#636,#547,.T.);
#784=EDGE_CURVE('',#636,#634,#309,.T.);
#785=EDGE_CURVE('',#633,#635,#310,.T.);
#786=EDGE_CURVE('',#637,#638,#548,.F.);
#787=EDGE_CURVE('',#639,#637,#549,.T.);
#788=EDGE_CURVE('',#639,#640,#550,.T.);
#789=EDGE_CURVE('',#638,#640,#551,.T.);
#790=EDGE_CURVE('',#641,#639,#311,.T.);
#791=EDGE_CURVE('',#637,#642,#312,.T.);
#792=EDGE_CURVE('',#642,#641,#31,.T.);
#793=EDGE_CURVE('',#640,#631,#313,.T.);
#794=EDGE_CURVE('',#634,#638,#314,.T.);
#795=EDGE_CURVE('',#643,#644,#552,.T.);
#796=EDGE_CURVE('',#644,#637,#315,.T.);
#797=EDGE_CURVE('',#638,#643,#316,.T.);
#798=EDGE_CURVE('',#642,#629,#317,.T.);
#799=EDGE_CURVE('',#628,#641,#318,.T.);
#800=EDGE_CURVE('',#645,#646,#553,.T.);
#801=EDGE_CURVE('',#646,#630,#319,.T.);
#802=EDGE_CURVE('',#629,#645,#320,.T.);
#803=EDGE_CURVE('',#622,#627,#321,.T.);
#804=EDGE_CURVE('',#630,#623,#322,.T.);
#805=EDGE_CURVE('',#647,#648,#554,.T.);
#806=EDGE_CURVE('',#648,#624,#323,.T.);
#807=EDGE_CURVE('',#623,#647,#324,.T.);
#808=EDGE_CURVE('',#649,#621,#325,.T.);
#809=EDGE_CURVE('',#624,#650,#326,.T.);
#810=EDGE_CURVE('',#650,#649,#32,.T.);
#811=EDGE_CURVE('',#650,#607,#327,.T.);
#812=EDGE_CURVE('',#606,#649,#328,.T.);
#813=EDGE_CURVE('',#651,#652,#555,.T.);
#814=EDGE_CURVE('',#652,#608,#329,.T.);
#815=EDGE_CURVE('',#607,#651,#330,.T.);
#816=EDGE_CURVE('',#600,#605,#331,.T.);
#817=EDGE_CURVE('',#608,#601,#332,.T.);
#818=EDGE_CURVE('',#653,#654,#556,.T.);
#819=EDGE_CURVE('',#654,#602,#333,.T.);
#820=EDGE_CURVE('',#601,#653,#334,.T.);
#821=EDGE_CURVE('',#626,#655,#335,.T.);
#822=EDGE_CURVE('',#635,#655,#336,.T.);
#823=EDGE_CURVE('',#655,#620,#337,.T.);
#824=EDGE_CURVE('',#619,#614,#338,.T.);
#825=EDGE_CURVE('',#604,#656,#339,.T.);
#826=EDGE_CURVE('',#613,#656,#340,.T.);
#827=EDGE_CURVE('',#656,#654,#341,.T.);
#828=EDGE_CURVE('',#653,#652,#342,.T.);
#829=EDGE_CURVE('',#651,#657,#343,.T.);
#830=EDGE_CURVE('',#657,#648,#344,.T.);
#831=EDGE_CURVE('',#647,#646,#345,.T.);
#832=EDGE_CURVE('',#645,#658,#346,.T.);
#833=EDGE_CURVE('',#658,#644,#347,.T.);
#834=EDGE_CURVE('',#643,#636,#348,.T.);
#835=EDGE_CURVE('',#642,#658,#349,.T.);
#836=EDGE_CURVE('',#650,#657,#350,.T.);
#837=EDGE_CURVE('',#659,#659,#557,.T.);
#838=EDGE_CURVE('',#659,#660,#351,.T.);
#839=EDGE_CURVE('',#660,#660,#558,.T.);
#840=EDGE_CURVE('',#661,#662,#352,.T.);
#841=EDGE_CURVE('',#661,#663,#353,.T.);
#842=EDGE_CURVE('',#664,#663,#354,.T.);
#843=EDGE_CURVE('',#662,#664,#355,.T.);
#844=EDGE_CURVE('',#662,#665,#356,.T.);
#845=EDGE_CURVE('',#666,#664,#357,.T.);
#846=EDGE_CURVE('',#665,#666,#358,.T.);
#847=EDGE_CURVE('',#665,#667,#359,.T.);
#848=EDGE_CURVE('',#668,#666,#360,.T.);
#849=EDGE_CURVE('',#667,#668,#361,.T.);
#850=EDGE_CURVE('',#667,#661,#362,.T.);
#851=EDGE_CURVE('',#663,#668,#363,.T.);
#852=EDGE_CURVE('',#669,#670,#364,.T.);
#853=EDGE_CURVE('',#670,#671,#365,.T.);
#854=EDGE_CURVE('',#672,#671,#366,.T.);
#855=EDGE_CURVE('',#669,#672,#367,.T.);
#856=EDGE_CURVE('',#673,#669,#368,.T.);
#857=EDGE_CURVE('',#674,#672,#369,.T.);
#858=EDGE_CURVE('',#673,#674,#370,.T.);
#859=EDGE_CURVE('',#675,#673,#371,.T.);
#860=EDGE_CURVE('',#676,#674,#372,.T.);
#861=EDGE_CURVE('',#675,#676,#373,.T.);
#862=EDGE_CURVE('',#670,#675,#374,.T.);
#863=EDGE_CURVE('',#671,#676,#375,.T.);
#864=ORIENTED_EDGE('',*,*,#677,.T.);
#865=ORIENTED_EDGE('',*,*,#678,.T.);
#866=ORIENTED_EDGE('',*,*,#679,.T.);
#867=ORIENTED_EDGE('',*,*,#680,.T.);
#868=ORIENTED_EDGE('',*,*,#678,.F.);
#869=ORIENTED_EDGE('',*,*,#681,.F.);
#870=ORIENTED_EDGE('',*,*,#682,.F.);
#871=ORIENTED_EDGE('',*,*,#683,.T.);
#872=ORIENTED_EDGE('',*,*,#677,.F.);
#873=ORIENTED_EDGE('',*,*,#684,.T.);
#874=ORIENTED_EDGE('',*,*,#685,.T.);
#875=ORIENTED_EDGE('',*,*,#686,.F.);
#876=ORIENTED_EDGE('',*,*,#687,.T.);
#877=ORIENTED_EDGE('',*,*,#688,.F.);
#878=ORIENTED_EDGE('',*,*,#689,.T.);
#879=ORIENTED_EDGE('',*,*,#690,.T.);
#880=ORIENTED_EDGE('',*,*,#691,.F.);
#881=ORIENTED_EDGE('',*,*,#692,.T.);
#882=ORIENTED_EDGE('',*,*,#693,.F.);
#883=ORIENTED_EDGE('',*,*,#694,.T.);
#884=ORIENTED_EDGE('',*,*,#695,.T.);
#885=ORIENTED_EDGE('',*,*,#696,.F.);
#886=ORIENTED_EDGE('',*,*,#697,.T.);
#887=ORIENTED_EDGE('',*,*,#698,.F.);
#888=ORIENTED_EDGE('',*,*,#699,.T.);
#889=ORIENTED_EDGE('',*,*,#700,.T.);
#890=ORIENTED_EDGE('',*,*,#701,.F.);
#891=ORIENTED_EDGE('',*,*,#681,.T.);
#892=ORIENTED_EDGE('',*,*,#701,.T.);
#893=ORIENTED_EDGE('',*,*,#702,.T.);
#894=ORIENTED_EDGE('',*,*,#703,.T.);
#895=ORIENTED_EDGE('',*,*,#682,.T.);
#896=ORIENTED_EDGE('',*,*,#702,.F.);
#897=ORIENTED_EDGE('',*,*,#700,.F.);
#898=ORIENTED_EDGE('',*,*,#704,.F.);
#899=ORIENTED_EDGE('',*,*,#705,.T.);
#900=ORIENTED_EDGE('',*,*,#693,.T.);
#901=ORIENTED_EDGE('',*,*,#706,.T.);
#902=ORIENTED_EDGE('',*,*,#707,.T.);
#903=ORIENTED_EDGE('',*,*,#708,.T.);
#904=ORIENTED_EDGE('',*,*,#706,.F.);
#905=ORIENTED_EDGE('',*,*,#692,.F.);
#906=ORIENTED_EDGE('',*,*,#709,.F.);
#907=ORIENTED_EDGE('',*,*,#710,.T.);
#908=ORIENTED_EDGE('',*,*,#691,.T.);
#909=ORIENTED_EDGE('',*,*,#711,.T.);
#910=ORIENTED_EDGE('',*,*,#712,.T.);
#911=ORIENTED_EDGE('',*,*,#709,.T.);
#912=ORIENTED_EDGE('',*,*,#711,.F.);
#913=ORIENTED_EDGE('',*,*,#690,.F.);
#914=ORIENTED_EDGE('',*,*,#713,.F.);
#915=ORIENTED_EDGE('',*,*,#714,.T.);
#916=ORIENTED_EDGE('',*,*,#688,.T.);
#917=ORIENTED_EDGE('',*,*,#715,.T.);
#918=ORIENTED_EDGE('',*,*,#716,.T.);
#919=ORIENTED_EDGE('',*,*,#717,.T.);
#920=ORIENTED_EDGE('',*,*,#715,.F.);
#921=ORIENTED_EDGE('',*,*,#687,.F.);
#922=ORIENTED_EDGE('',*,*,#718,.F.);
#923=ORIENTED_EDGE('',*,*,#719,.F.);
#924=ORIENTED_EDGE('',*,*,#686,.T.);
#925=ORIENTED_EDGE('',*,*,#720,.T.);
#926=ORIENTED_EDGE('',*,*,#721,.T.);
#927=ORIENTED_EDGE('',*,*,#718,.T.);
#928=ORIENTED_EDGE('',*,*,#720,.F.);
#929=ORIENTED_EDGE('',*,*,#685,.F.);
#930=ORIENTED_EDGE('',*,*,#722,.F.);
#931=ORIENTED_EDGE('',*,*,#723,.F.);
#932=ORIENTED_EDGE('',*,*,#698,.T.);
#933=ORIENTED_EDGE('',*,*,#724,.T.);
#934=ORIENTED_EDGE('',*,*,#725,.T.);
#935=ORIENTED_EDGE('',*,*,#726,.T.);
#936=ORIENTED_EDGE('',*,*,#724,.F.);
#937=ORIENTED_EDGE('',*,*,#697,.F.);
#938=ORIENTED_EDGE('',*,*,#727,.F.);
#939=ORIENTED_EDGE('',*,*,#728,.T.);
#940=ORIENTED_EDGE('',*,*,#696,.T.);
#941=ORIENTED_EDGE('',*,*,#729,.T.);
#942=ORIENTED_EDGE('',*,*,#730,.T.);
#943=ORIENTED_EDGE('',*,*,#727,.T.);
#944=ORIENTED_EDGE('',*,*,#729,.F.);
#945=ORIENTED_EDGE('',*,*,#695,.F.);
#946=ORIENTED_EDGE('',*,*,#731,.F.);
#947=ORIENTED_EDGE('',*,*,#732,.F.);
#948=ORIENTED_EDGE('',*,*,#708,.F.);
#949=ORIENTED_EDGE('',*,*,#733,.F.);
#950=ORIENTED_EDGE('',*,*,#731,.T.);
#951=ORIENTED_EDGE('',*,*,#694,.F.);
#952=ORIENTED_EDGE('',*,*,#717,.F.);
#953=ORIENTED_EDGE('',*,*,#734,.T.);
#954=ORIENTED_EDGE('',*,*,#713,.T.);
#955=ORIENTED_EDGE('',*,*,#689,.F.);
#956=ORIENTED_EDGE('',*,*,#680,.F.);
#957=ORIENTED_EDGE('',*,*,#735,.F.);
#958=ORIENTED_EDGE('',*,*,#722,.T.);
#959=ORIENTED_EDGE('',*,*,#684,.F.);
#960=ORIENTED_EDGE('',*,*,#726,.F.);
#961=ORIENTED_EDGE('',*,*,#736,.T.);
#962=ORIENTED_EDGE('',*,*,#704,.T.);
#963=ORIENTED_EDGE('',*,*,#699,.F.);
#964=ORIENTED_EDGE('',*,*,#679,.F.);
#965=ORIENTED_EDGE('',*,*,#683,.F.);
#966=ORIENTED_EDGE('',*,*,#703,.F.);
#967=ORIENTED_EDGE('',*,*,#705,.F.);
#968=ORIENTED_EDGE('',*,*,#736,.F.);
#969=ORIENTED_EDGE('',*,*,#725,.F.);
#970=ORIENTED_EDGE('',*,*,#728,.F.);
#971=ORIENTED_EDGE('',*,*,#730,.F.);
#972=ORIENTED_EDGE('',*,*,#732,.T.);
#973=ORIENTED_EDGE('',*,*,#733,.T.);
#974=ORIENTED_EDGE('',*,*,#707,.F.);
#975=ORIENTED_EDGE('',*,*,#710,.F.);
#976=ORIENTED_EDGE('',*,*,#712,.F.);
#977=ORIENTED_EDGE('',*,*,#714,.F.);
#978=ORIENTED_EDGE('',*,*,#734,.F.);
#979=ORIENTED_EDGE('',*,*,#716,.F.);
#980=ORIENTED_EDGE('',*,*,#719,.T.);
#981=ORIENTED_EDGE('',*,*,#721,.F.);
#982=ORIENTED_EDGE('',*,*,#723,.T.);
#983=ORIENTED_EDGE('',*,*,#735,.T.);
#984=ORIENTED_EDGE('',*,*,#737,.T.);
#985=ORIENTED_EDGE('',*,*,#738,.F.);
#986=ORIENTED_EDGE('',*,*,#739,.F.);
#987=ORIENTED_EDGE('',*,*,#740,.F.);
#988=ORIENTED_EDGE('',*,*,#741,.T.);
#989=ORIENTED_EDGE('',*,*,#740,.T.);
#990=ORIENTED_EDGE('',*,*,#742,.T.);
#991=ORIENTED_EDGE('',*,*,#743,.T.);
#992=ORIENTED_EDGE('',*,*,#744,.T.);
#993=ORIENTED_EDGE('',*,*,#745,.F.);
#994=ORIENTED_EDGE('',*,*,#746,.F.);
#995=ORIENTED_EDGE('',*,*,#747,.F.);
#996=ORIENTED_EDGE('',*,*,#748,.T.);
#997=ORIENTED_EDGE('',*,*,#749,.F.);
#998=ORIENTED_EDGE('',*,*,#750,.F.);
#999=ORIENTED_EDGE('',*,*,#751,.F.);
#1000=ORIENTED_EDGE('',*,*,#752,.T.);
#1001=ORIENTED_EDGE('',*,*,#749,.T.);
#1002=ORIENTED_EDGE('',*,*,#753,.T.);
#1003=ORIENTED_EDGE('',*,*,#743,.F.);
#1004=ORIENTED_EDGE('',*,*,#754,.T.);
#1005=ORIENTED_EDGE('',*,*,#755,.T.);
#1006=ORIENTED_EDGE('',*,*,#750,.T.);
#1007=ORIENTED_EDGE('',*,*,#756,.T.);
#1008=ORIENTED_EDGE('',*,*,#757,.T.);
#1009=ORIENTED_EDGE('',*,*,#758,.F.);
#1010=ORIENTED_EDGE('',*,*,#759,.F.);
#1011=ORIENTED_EDGE('',*,*,#760,.F.);
#1012=ORIENTED_EDGE('',*,*,#758,.T.);
#1013=ORIENTED_EDGE('',*,*,#761,.T.);
#1014=ORIENTED_EDGE('',*,*,#751,.T.);
#1015=ORIENTED_EDGE('',*,*,#762,.T.);
#1016=ORIENTED_EDGE('',*,*,#763,.T.);
#1017=ORIENTED_EDGE('',*,*,#764,.T.);
#1018=ORIENTED_EDGE('',*,*,#759,.T.);
#1019=ORIENTED_EDGE('',*,*,#765,.T.);
#1020=ORIENTED_EDGE('',*,*,#766,.T.);
#1021=ORIENTED_EDGE('',*,*,#767,.F.);
#1022=ORIENTED_EDGE('',*,*,#768,.F.);
#1023=ORIENTED_EDGE('',*,*,#769,.F.);
#1024=ORIENTED_EDGE('',*,*,#770,.T.);
#1025=ORIENTED_EDGE('',*,*,#760,.T.);
#1026=ORIENTED_EDGE('',*,*,#771,.T.);
#1027=ORIENTED_EDGE('',*,*,#772,.T.);
#1028=ORIENTED_EDGE('',*,*,#773,.T.);
#1029=ORIENTED_EDGE('',*,*,#774,.F.);
#1030=ORIENTED_EDGE('',*,*,#775,.F.);
#1031=ORIENTED_EDGE('',*,*,#776,.F.);
#1032=ORIENTED_EDGE('',*,*,#777,.T.);
#1033=ORIENTED_EDGE('',*,*,#778,.F.);
#1034=ORIENTED_EDGE('',*,*,#779,.F.);
#1035=ORIENTED_EDGE('',*,*,#780,.F.);
#1036=ORIENTED_EDGE('',*,*,#781,.T.);
#1037=ORIENTED_EDGE('',*,*,#778,.T.);
#1038=ORIENTED_EDGE('',*,*,#782,.T.);
#1039=ORIENTED_EDGE('',*,*,#772,.F.);
#1040=ORIENTED_EDGE('',*,*,#783,.T.);
#1041=ORIENTED_EDGE('',*,*,#784,.T.);
#1042=ORIENTED_EDGE('',*,*,#779,.T.);
#1043=ORIENTED_EDGE('',*,*,#785,.T.);
#1044=ORIENTED_EDGE('',*,*,#786,.F.);
#1045=ORIENTED_EDGE('',*,*,#787,.F.);
#1046=ORIENTED_EDGE('',*,*,#788,.T.);
#1047=ORIENTED_EDGE('',*,*,#789,.F.);
#1048=ORIENTED_EDGE('',*,*,#790,.T.);
#1049=ORIENTED_EDGE('',*,*,#787,.T.);
#1050=ORIENTED_EDGE('',*,*,#791,.T.);
#1051=ORIENTED_EDGE('',*,*,#792,.T.);
#1052=ORIENTED_EDGE('',*,*,#789,.T.);
#1053=ORIENTED_EDGE('',*,*,#793,.T.);
#1054=ORIENTED_EDGE('',*,*,#780,.T.);
#1055=ORIENTED_EDGE('',*,*,#794,.T.);
#1056=ORIENTED_EDGE('',*,*,#795,.T.);
#1057=ORIENTED_EDGE('',*,*,#796,.T.);
#1058=ORIENTED_EDGE('',*,*,#786,.T.);
#1059=ORIENTED_EDGE('',*,*,#797,.T.);
#1060=ORIENTED_EDGE('',*,*,#798,.T.);
#1061=ORIENTED_EDGE('',*,*,#774,.T.);
#1062=ORIENTED_EDGE('',*,*,#799,.T.);
#1063=ORIENTED_EDGE('',*,*,#792,.F.);
#1064=ORIENTED_EDGE('',*,*,#800,.T.);
#1065=ORIENTED_EDGE('',*,*,#801,.T.);
#1066=ORIENTED_EDGE('',*,*,#775,.T.);
#1067=ORIENTED_EDGE('',*,*,#802,.T.);
#1068=ORIENTED_EDGE('',*,*,#767,.T.);
#1069=ORIENTED_EDGE('',*,*,#803,.T.);
#1070=ORIENTED_EDGE('',*,*,#776,.T.);
#1071=ORIENTED_EDGE('',*,*,#804,.T.);
#1072=ORIENTED_EDGE('',*,*,#805,.T.);
#1073=ORIENTED_EDGE('',*,*,#806,.T.);
#1074=ORIENTED_EDGE('',*,*,#768,.T.);
#1075=ORIENTED_EDGE('',*,*,#807,.T.);
#1076=ORIENTED_EDGE('',*,*,#808,.T.);
#1077=ORIENTED_EDGE('',*,*,#769,.T.);
#1078=ORIENTED_EDGE('',*,*,#809,.T.);
#1079=ORIENTED_EDGE('',*,*,#810,.T.);
#1080=ORIENTED_EDGE('',*,*,#811,.T.);
#1081=ORIENTED_EDGE('',*,*,#745,.T.);
#1082=ORIENTED_EDGE('',*,*,#812,.T.);
#1083=ORIENTED_EDGE('',*,*,#810,.F.);
#1084=ORIENTED_EDGE('',*,*,#813,.T.);
#1085=ORIENTED_EDGE('',*,*,#814,.T.);
#1086=ORIENTED_EDGE('',*,*,#746,.T.);
#1087=ORIENTED_EDGE('',*,*,#815,.T.);
#1088=ORIENTED_EDGE('',*,*,#738,.T.);
#1089=ORIENTED_EDGE('',*,*,#816,.T.);
#1090=ORIENTED_EDGE('',*,*,#747,.T.);
#1091=ORIENTED_EDGE('',*,*,#817,.T.);
#1092=ORIENTED_EDGE('',*,*,#818,.T.);
#1093=ORIENTED_EDGE('',*,*,#819,.T.);
#1094=ORIENTED_EDGE('',*,*,#739,.T.);
#1095=ORIENTED_EDGE('',*,*,#820,.T.);
#1096=ORIENTED_EDGE('',*,*,#785,.F.);
#1097=ORIENTED_EDGE('',*,*,#781,.F.);
#1098=ORIENTED_EDGE('',*,*,#821,.T.);
#1099=ORIENTED_EDGE('',*,*,#822,.F.);
#1100=ORIENTED_EDGE('',*,*,#771,.F.);
#1101=ORIENTED_EDGE('',*,*,#764,.F.);
#1102=ORIENTED_EDGE('',*,*,#823,.F.);
#1103=ORIENTED_EDGE('',*,*,#821,.F.);
#1104=ORIENTED_EDGE('',*,*,#765,.F.);
#1105=ORIENTED_EDGE('',*,*,#762,.F.);
#1106=ORIENTED_EDGE('',*,*,#755,.F.);
#1107=ORIENTED_EDGE('',*,*,#824,.F.);
#1108=ORIENTED_EDGE('',*,*,#756,.F.);
#1109=ORIENTED_EDGE('',*,*,#752,.F.);
#1110=ORIENTED_EDGE('',*,*,#825,.T.);
#1111=ORIENTED_EDGE('',*,*,#826,.F.);
#1112=ORIENTED_EDGE('',*,*,#742,.F.);
#1113=ORIENTED_EDGE('',*,*,#819,.F.);
#1114=ORIENTED_EDGE('',*,*,#827,.F.);
#1115=ORIENTED_EDGE('',*,*,#825,.F.);
#1116=ORIENTED_EDGE('',*,*,#820,.F.);
#1117=ORIENTED_EDGE('',*,*,#817,.F.);
#1118=ORIENTED_EDGE('',*,*,#814,.F.);
#1119=ORIENTED_EDGE('',*,*,#828,.F.);
#1120=ORIENTED_EDGE('',*,*,#783,.F.);
#1121=ORIENTED_EDGE('',*,*,#822,.T.);
#1122=ORIENTED_EDGE('',*,*,#823,.T.);
#1123=ORIENTED_EDGE('',*,*,#763,.F.);
#1124=ORIENTED_EDGE('',*,*,#824,.T.);
#1125=ORIENTED_EDGE('',*,*,#754,.F.);
#1126=ORIENTED_EDGE('',*,*,#826,.T.);
#1127=ORIENTED_EDGE('',*,*,#827,.T.);
#1128=ORIENTED_EDGE('',*,*,#818,.F.);
#1129=ORIENTED_EDGE('',*,*,#828,.T.);
#1130=ORIENTED_EDGE('',*,*,#813,.F.);
#1131=ORIENTED_EDGE('',*,*,#829,.T.);
#1132=ORIENTED_EDGE('',*,*,#830,.T.);
#1133=ORIENTED_EDGE('',*,*,#805,.F.);
#1134=ORIENTED_EDGE('',*,*,#831,.T.);
#1135=ORIENTED_EDGE('',*,*,#800,.F.);
#1136=ORIENTED_EDGE('',*,*,#832,.T.);
#1137=ORIENTED_EDGE('',*,*,#833,.T.);
#1138=ORIENTED_EDGE('',*,*,#795,.F.);
#1139=ORIENTED_EDGE('',*,*,#834,.T.);
#1140=ORIENTED_EDGE('',*,*,#788,.F.);
#1141=ORIENTED_EDGE('',*,*,#790,.F.);
#1142=ORIENTED_EDGE('',*,*,#799,.F.);
#1143=ORIENTED_EDGE('',*,*,#773,.F.);
#1144=ORIENTED_EDGE('',*,*,#803,.F.);
#1145=ORIENTED_EDGE('',*,*,#766,.F.);
#1146=ORIENTED_EDGE('',*,*,#808,.F.);
#1147=ORIENTED_EDGE('',*,*,#812,.F.);
#1148=ORIENTED_EDGE('',*,*,#744,.F.);
#1149=ORIENTED_EDGE('',*,*,#816,.F.);
#1150=ORIENTED_EDGE('',*,*,#737,.F.);
#1151=ORIENTED_EDGE('',*,*,#741,.F.);
#1152=ORIENTED_EDGE('',*,*,#753,.F.);
#1153=ORIENTED_EDGE('',*,*,#748,.F.);
#1154=ORIENTED_EDGE('',*,*,#761,.F.);
#1155=ORIENTED_EDGE('',*,*,#757,.F.);
#1156=ORIENTED_EDGE('',*,*,#770,.F.);
#1157=ORIENTED_EDGE('',*,*,#782,.F.);
#1158=ORIENTED_EDGE('',*,*,#777,.F.);
#1159=ORIENTED_EDGE('',*,*,#793,.F.);
#1160=ORIENTED_EDGE('',*,*,#798,.F.);
#1161=ORIENTED_EDGE('',*,*,#835,.T.);
#1162=ORIENTED_EDGE('',*,*,#832,.F.);
#1163=ORIENTED_EDGE('',*,*,#802,.F.);
#1164=ORIENTED_EDGE('',*,*,#801,.F.);
#1165=ORIENTED_EDGE('',*,*,#831,.F.);
#1166=ORIENTED_EDGE('',*,*,#807,.F.);
#1167=ORIENTED_EDGE('',*,*,#804,.F.);
#1168=ORIENTED_EDGE('',*,*,#806,.F.);
#1169=ORIENTED_EDGE('',*,*,#830,.F.);
#1170=ORIENTED_EDGE('',*,*,#836,.F.);
#1171=ORIENTED_EDGE('',*,*,#809,.F.);
#1172=ORIENTED_EDGE('',*,*,#811,.F.);
#1173=ORIENTED_EDGE('',*,*,#836,.T.);
#1174=ORIENTED_EDGE('',*,*,#829,.F.);
#1175=ORIENTED_EDGE('',*,*,#815,.F.);
#1176=ORIENTED_EDGE('',*,*,#784,.F.);
#1177=ORIENTED_EDGE('',*,*,#834,.F.);
#1178=ORIENTED_EDGE('',*,*,#797,.F.);
#1179=ORIENTED_EDGE('',*,*,#794,.F.);
#1180=ORIENTED_EDGE('',*,*,#796,.F.);
#1181=ORIENTED_EDGE('',*,*,#833,.F.);
#1182=ORIENTED_EDGE('',*,*,#835,.F.);
#1183=ORIENTED_EDGE('',*,*,#791,.F.);
#1184=ORIENTED_EDGE('',*,*,#837,.F.);
#1185=ORIENTED_EDGE('',*,*,#838,.T.);
#1186=ORIENTED_EDGE('',*,*,#839,.F.);
#1187=ORIENTED_EDGE('',*,*,#838,.F.);
#1188=ORIENTED_EDGE('',*,*,#839,.T.);
#1189=ORIENTED_EDGE('',*,*,#837,.T.);
#1190=ORIENTED_EDGE('',*,*,#840,.F.);
#1191=ORIENTED_EDGE('',*,*,#841,.T.);
#1192=ORIENTED_EDGE('',*,*,#842,.F.);
#1193=ORIENTED_EDGE('',*,*,#843,.F.);
#1194=ORIENTED_EDGE('',*,*,#844,.F.);
#1195=ORIENTED_EDGE('',*,*,#843,.T.);
#1196=ORIENTED_EDGE('',*,*,#845,.F.);
#1197=ORIENTED_EDGE('',*,*,#846,.F.);
#1198=ORIENTED_EDGE('',*,*,#847,.F.);
#1199=ORIENTED_EDGE('',*,*,#846,.T.);
#1200=ORIENTED_EDGE('',*,*,#848,.F.);
#1201=ORIENTED_EDGE('',*,*,#849,.F.);
#1202=ORIENTED_EDGE('',*,*,#850,.F.);
#1203=ORIENTED_EDGE('',*,*,#849,.T.);
#1204=ORIENTED_EDGE('',*,*,#851,.F.);
#1205=ORIENTED_EDGE('',*,*,#841,.F.);
#1206=ORIENTED_EDGE('',*,*,#851,.T.);
#1207=ORIENTED_EDGE('',*,*,#848,.T.);
#1208=ORIENTED_EDGE('',*,*,#845,.T.);
#1209=ORIENTED_EDGE('',*,*,#842,.T.);
#1210=ORIENTED_EDGE('',*,*,#850,.T.);
#1211=ORIENTED_EDGE('',*,*,#840,.T.);
#1212=ORIENTED_EDGE('',*,*,#844,.T.);
#1213=ORIENTED_EDGE('',*,*,#847,.T.);
#1214=ORIENTED_EDGE('',*,*,#852,.T.);
#1215=ORIENTED_EDGE('',*,*,#853,.T.);
#1216=ORIENTED_EDGE('',*,*,#854,.F.);
#1217=ORIENTED_EDGE('',*,*,#855,.F.);
#1218=ORIENTED_EDGE('',*,*,#856,.T.);
#1219=ORIENTED_EDGE('',*,*,#855,.T.);
#1220=ORIENTED_EDGE('',*,*,#857,.F.);
#1221=ORIENTED_EDGE('',*,*,#858,.F.);
#1222=ORIENTED_EDGE('',*,*,#859,.T.);
#1223=ORIENTED_EDGE('',*,*,#858,.T.);
#1224=ORIENTED_EDGE('',*,*,#860,.F.);
#1225=ORIENTED_EDGE('',*,*,#861,.F.);
#1226=ORIENTED_EDGE('',*,*,#862,.T.);
#1227=ORIENTED_EDGE('',*,*,#861,.T.);
#1228=ORIENTED_EDGE('',*,*,#863,.F.);
#1229=ORIENTED_EDGE('',*,*,#853,.F.);
#1230=ORIENTED_EDGE('',*,*,#863,.T.);
#1231=ORIENTED_EDGE('',*,*,#860,.T.);
#1232=ORIENTED_EDGE('',*,*,#857,.T.);
#1233=ORIENTED_EDGE('',*,*,#854,.T.);
#1234=ORIENTED_EDGE('',*,*,#862,.F.);
#1235=ORIENTED_EDGE('',*,*,#852,.F.);
#1236=ORIENTED_EDGE('',*,*,#856,.F.);
#1237=ORIENTED_EDGE('',*,*,#859,.F.);
#1238=CYLINDRICAL_SURFACE('',#1387,0.2);
#1239=CYLINDRICAL_SURFACE('',#1399,0.2);
#1240=CYLINDRICAL_SURFACE('',#1402,0.2);
#1241=CYLINDRICAL_SURFACE('',#1405,0.2);
#1242=CYLINDRICAL_SURFACE('',#1408,0.1);
#1243=CYLINDRICAL_SURFACE('',#1411,0.1);
#1244=CYLINDRICAL_SURFACE('',#1414,0.1);
#1245=CYLINDRICAL_SURFACE('',#1417,0.1);
#1246=CYLINDRICAL_SURFACE('',#1429,0.1);
#1247=CYLINDRICAL_SURFACE('',#1439,0.1);
#1248=CYLINDRICAL_SURFACE('',#1440,0.2);
#1249=CYLINDRICAL_SURFACE('',#1446,0.1);
#1250=CYLINDRICAL_SURFACE('',#1447,0.2);
#1251=CYLINDRICAL_SURFACE('',#1453,0.1);
#1252=CYLINDRICAL_SURFACE('',#1463,0.1);
#1253=CYLINDRICAL_SURFACE('',#1464,0.2);
#1254=CYLINDRICAL_SURFACE('',#1470,0.1);
#1255=CYLINDRICAL_SURFACE('',#1472,0.1);
#1256=CYLINDRICAL_SURFACE('',#1473,0.2);
#1257=CYLINDRICAL_SURFACE('',#1475,0.1);
#1258=CYLINDRICAL_SURFACE('',#1476,0.2);
#1259=CYLINDRICAL_SURFACE('',#1478,0.1);
#1260=CYLINDRICAL_SURFACE('',#1479,0.2);
#1261=CYLINDRICAL_SURFACE('',#1481,0.1);
#1262=CYLINDRICAL_SURFACE('',#1483,0.1);
#1263=CYLINDRICAL_SURFACE('',#1484,0.2);
#1264=CYLINDRICAL_SURFACE('',#1486,0.1);
#1265=CYLINDRICAL_SURFACE('',#1487,0.2);
#1266=CYLINDRICAL_SURFACE('',#1504,1.8);
#1267=ADVANCED_FACE('',(#93),#1238,.T.);
#1268=ADVANCED_FACE('',(#94),#51,.T.);
#1269=ADVANCED_FACE('',(#95),#52,.T.);
#1270=ADVANCED_FACE('',(#96),#1239,.T.);
#1271=ADVANCED_FACE('',(#97),#53,.T.);
#1272=ADVANCED_FACE('',(#98),#1240,.T.);
#1273=ADVANCED_FACE('',(#99),#54,.T.);
#1274=ADVANCED_FACE('',(#100),#1241,.T.);
#1275=ADVANCED_FACE('',(#101),#55,.T.);
#1276=ADVANCED_FACE('',(#102),#1242,.T.);
#1277=ADVANCED_FACE('',(#103),#56,.T.);
#1278=ADVANCED_FACE('',(#104),#1243,.T.);
#1279=ADVANCED_FACE('',(#105),#57,.T.);
#1280=ADVANCED_FACE('',(#106),#1244,.T.);
#1281=ADVANCED_FACE('',(#107),#58,.T.);
#1282=ADVANCED_FACE('',(#108),#1245,.T.);
#1283=ADVANCED_FACE('',(#109),#59,.T.);
#1284=ADVANCED_FACE('',(#110),#60,.T.);
#1285=ADVANCED_FACE('',(#111),#61,.T.);
#1286=ADVANCED_FACE('',(#112),#62,.T.);
#1287=ADVANCED_FACE('',(#113),#63,.T.);
#1288=ADVANCED_FACE('',(#114),#64,.F.);
#1289=ADVANCED_FACE('',(#115),#33,.F.);
#1290=ADVANCED_FACE('',(#116),#1246,.T.);
#1291=ADVANCED_FACE('',(#117),#34,.F.);
#1292=ADVANCED_FACE('',(#118),#35,.F.);
#1293=ADVANCED_FACE('',(#119),#1247,.T.);
#1294=ADVANCED_FACE('',(#120),#1248,.T.);
#1295=ADVANCED_FACE('',(#121),#36,.F.);
#1296=ADVANCED_FACE('',(#122),#1249,.T.);
#1297=ADVANCED_FACE('',(#123),#1250,.T.);
#1298=ADVANCED_FACE('',(#124),#37,.F.);
#1299=ADVANCED_FACE('',(#125),#1251,.T.);
#1300=ADVANCED_FACE('',(#126),#38,.F.);
#1301=ADVANCED_FACE('',(#127),#39,.F.);
#1302=ADVANCED_FACE('',(#128),#1252,.T.);
#1303=ADVANCED_FACE('',(#129),#1253,.T.);
#1304=ADVANCED_FACE('',(#130),#40,.F.);
#1305=ADVANCED_FACE('',(#131),#1254,.T.);
#1306=ADVANCED_FACE('',(#132),#1255,.T.);
#1307=ADVANCED_FACE('',(#133),#1256,.T.);
#1308=ADVANCED_FACE('',(#134),#1257,.T.);
#1309=ADVANCED_FACE('',(#135),#1258,.T.);
#1310=ADVANCED_FACE('',(#136),#1259,.T.);
#1311=ADVANCED_FACE('',(#137),#1260,.T.);
#1312=ADVANCED_FACE('',(#138),#1261,.T.);
#1313=ADVANCED_FACE('',(#139),#1262,.T.);
#1314=ADVANCED_FACE('',(#140),#1263,.T.);
#1315=ADVANCED_FACE('',(#141),#1264,.T.);
#1316=ADVANCED_FACE('',(#142),#1265,.T.);
#1317=ADVANCED_FACE('',(#143),#65,.T.);
#1318=ADVANCED_FACE('',(#144),#66,.T.);
#1319=ADVANCED_FACE('',(#145),#67,.T.);
#1320=ADVANCED_FACE('',(#146),#68,.T.);
#1321=ADVANCED_FACE('',(#147),#69,.T.);
#1322=ADVANCED_FACE('',(#148),#70,.T.);
#1323=ADVANCED_FACE('',(#149),#71,.T.);
#1324=ADVANCED_FACE('',(#150),#72,.T.);
#1325=ADVANCED_FACE('',(#151),#73,.T.);
#1326=ADVANCED_FACE('',(#152),#74,.T.);
#1327=ADVANCED_FACE('',(#153),#75,.T.);
#1328=ADVANCED_FACE('',(#154),#76,.T.);
#1329=ADVANCED_FACE('',(#155),#77,.T.);
#1330=ADVANCED_FACE('',(#156),#78,.T.);
#1331=ADVANCED_FACE('',(#157),#1266,.T.);
#1332=ADVANCED_FACE('',(#158),#79,.F.);
#1333=ADVANCED_FACE('',(#159),#80,.F.);
#1334=ADVANCED_FACE('',(#160),#81,.T.);
#1335=ADVANCED_FACE('',(#161),#82,.T.);
#1336=ADVANCED_FACE('',(#162),#83,.T.);
#1337=ADVANCED_FACE('',(#163),#84,.T.);
#1338=ADVANCED_FACE('',(#164),#85,.T.);
#1339=ADVANCED_FACE('',(#165),#86,.F.);
#1340=ADVANCED_FACE('',(#166),#87,.T.);
#1341=ADVANCED_FACE('',(#167),#88,.T.);
#1342=ADVANCED_FACE('',(#168),#89,.T.);
#1343=ADVANCED_FACE('',(#169),#90,.T.);
#1344=ADVANCED_FACE('',(#170),#91,.T.);
#1345=ADVANCED_FACE('',(#171),#92,.F.);
#1346=CLOSED_SHELL('',(#1267,#1268,#1269,#1270,#1271,#1272,#1273,#1274,
#1275,#1276,#1277,#1278,#1279,#1280,#1281,#1282,#1283,#1284,#1285,#1286,
#1287,#1288));
#1347=CLOSED_SHELL('',(#1289,#1290,#1291,#1292,#1293,#1294,#1295,#1296,
#1297,#1298,#1299,#1300,#1301,#1302,#1303,#1304,#1305,#1306,#1307,#1308,
#1309,#1310,#1311,#1312,#1313,#1314,#1315,#1316,#1317,#1318,#1319,#1320,
#1321,#1322,#1323,#1324,#1325,#1326,#1327,#1328,#1329,#1330));
#1348=CLOSED_SHELL('',(#1331,#1332,#1333));
#1349=CLOSED_SHELL('',(#1334,#1335,#1336,#1337,#1338,#1339));
#1350=CLOSED_SHELL('',(#1340,#1341,#1342,#1343,#1344,#1345));
#1351=DERIVED_UNIT_ELEMENT(#1357,1.);
#1352=DERIVED_UNIT_ELEMENT(#2396,-3.);
#1353=DERIVED_UNIT_ELEMENT(#1357,1.);
#1354=DERIVED_UNIT_ELEMENT(#2396,-3.);
#1355=DERIVED_UNIT_ELEMENT(#1357,1.);
#1356=DERIVED_UNIT_ELEMENT(#2396,-3.);
#1357=(
MASS_UNIT()
NAMED_UNIT(*)
SI_UNIT(.KILO.,.GRAM.)
);
#1358=DERIVED_UNIT((#1351,#1352));
#1359=DERIVED_UNIT((#1353,#1354));
#1360=DERIVED_UNIT((#1355,#1356));
#1361=MEASURE_REPRESENTATION_ITEM('density measure',
POSITIVE_RATIO_MEASURE(1015.),#1358);
#1362=MEASURE_REPRESENTATION_ITEM('density measure',
POSITIVE_RATIO_MEASURE(1637.),#1359);
#1363=MEASURE_REPRESENTATION_ITEM('density measure',
POSITIVE_RATIO_MEASURE(7265.),#1360);
#1364=PROPERTY_DEFINITION_REPRESENTATION(#1379,#1370);
#1365=PROPERTY_DEFINITION_REPRESENTATION(#1380,#1371);
#1366=PROPERTY_DEFINITION_REPRESENTATION(#1381,#1372);
#1367=PROPERTY_DEFINITION_REPRESENTATION(#1382,#1373);
#1368=PROPERTY_DEFINITION_REPRESENTATION(#1383,#1374);
#1369=PROPERTY_DEFINITION_REPRESENTATION(#1384,#1375);
#1370=REPRESENTATION('material name',(#1376),#2391);
#1371=REPRESENTATION('density',(#1361),#2391);
#1372=REPRESENTATION('material name',(#1377),#2392);
#1373=REPRESENTATION('density',(#1362),#2392);
#1374=REPRESENTATION('material name',(#1378),#2393);
#1375=REPRESENTATION('density',(#1363),#2393);
#1376=DESCRIPTIVE_REPRESENTATION_ITEM(
'Nylon 12 (with Formlabs Fuse 1 3D Printer)',
'Nylon 12 (with Formlabs Fuse 1 3D Printer)');
#1377=DESCRIPTIVE_REPRESENTATION_ITEM('PPS Plastic','PPS Plastic');
#1378=DESCRIPTIVE_REPRESENTATION_ITEM('Tin (Sn)','Tin (Sn)');
#1379=PROPERTY_DEFINITION('material property','material name',#2416);
#1380=PROPERTY_DEFINITION('material property','density of part',#2416);
#1381=PROPERTY_DEFINITION('material property','material name',#2417);
#1382=PROPERTY_DEFINITION('material property','density of part',#2417);
#1383=PROPERTY_DEFINITION('material property','material name',#2418);
#1384=PROPERTY_DEFINITION('material property','density of part',#2418);
#1385=AXIS2_PLACEMENT_3D('',#1930,#1525,#1526);
#1386=AXIS2_PLACEMENT_3D('',#1931,#1527,#1528);
#1387=AXIS2_PLACEMENT_3D('',#1932,#1529,#1530);
#1388=AXIS2_PLACEMENT_3D('',#1935,#1531,#1532);
#1389=AXIS2_PLACEMENT_3D('',#1939,#1534,#1535);
#1390=AXIS2_PLACEMENT_3D('',#1941,#1537,#1538);
#1391=AXIS2_PLACEMENT_3D('',#1947,#1542,#1543);
#1392=AXIS2_PLACEMENT_3D('',#1953,#1546,#1547);
#1393=AXIS2_PLACEMENT_3D('',#1957,#1549,#1550);
#1394=AXIS2_PLACEMENT_3D('',#1963,#1553,#1554);
#1395=AXIS2_PLACEMENT_3D('',#1967,#1556,#1557);
#1396=AXIS2_PLACEMENT_3D('',#1973,#1560,#1561);
#1397=AXIS2_PLACEMENT_3D('',#1977,#1563,#1564);
#1398=AXIS2_PLACEMENT_3D('',#1982,#1567,#1568);
#1399=AXIS2_PLACEMENT_3D('',#1983,#1569,#1570);
#1400=AXIS2_PLACEMENT_3D('',#1986,#1572,#1573);
#1401=AXIS2_PLACEMENT_3D('',#1987,#1574,#1575);
#1402=AXIS2_PLACEMENT_3D('',#1991,#1578,#1579);
#1403=AXIS2_PLACEMENT_3D('',#1995,#1581,#1582);
#1404=AXIS2_PLACEMENT_3D('',#1997,#1584,#1585);
#1405=AXIS2_PLACEMENT_3D('',#2001,#1588,#1589);
#1406=AXIS2_PLACEMENT_3D('',#2004,#1591,#1592);
#1407=AXIS2_PLACEMENT_3D('',#2005,#1593,#1594);
#1408=AXIS2_PLACEMENT_3D('',#2009,#1597,#1598);
#1409=AXIS2_PLACEMENT_3D('',#2013,#1600,#1601);
#1410=AXIS2_PLACEMENT_3D('',#2015,#1603,#1604);
#1411=AXIS2_PLACEMENT_3D('',#2019,#1607,#1608);
#1412=AXIS2_PLACEMENT_3D('',#2022,#1610,#1611);
#1413=AXIS2_PLACEMENT_3D('',#2023,#1612,#1613);
#1414=AXIS2_PLACEMENT_3D('',#2027,#1616,#1617);
#1415=AXIS2_PLACEMENT_3D('',#2031,#1619,#1620);
#1416=AXIS2_PLACEMENT_3D('',#2033,#1622,#1623);
#1417=AXIS2_PLACEMENT_3D('',#2037,#1626,#1627);
#1418=AXIS2_PLACEMENT_3D('',#2040,#1629,#1630);
#1419=AXIS2_PLACEMENT_3D('',#2041,#1631,#1632);
#1420=AXIS2_PLACEMENT_3D('',#2045,#1635,#1636);
#1421=AXIS2_PLACEMENT_3D('',#2047,#1638,#1639);
#1422=AXIS2_PLACEMENT_3D('',#2049,#1641,#1642);
#1423=AXIS2_PLACEMENT_3D('',#2051,#1644,#1645);
#1424=AXIS2_PLACEMENT_3D('',#2053,#1647,#1648);
#1425=AXIS2_PLACEMENT_3D('',#2065,#1649,#1650);
#1426=AXIS2_PLACEMENT_3D('',#2067,#1651,#1652);
#1427=AXIS2_PLACEMENT_3D('',#2069,#1653,#1654);
#1428=AXIS2_PLACEMENT_3D('',#2070,#1655,#1656);
#1429=AXIS2_PLACEMENT_3D('',#2071,#1657,#1658);
#1430=AXIS2_PLACEMENT_3D('',#2076,#1661,#1662);
#1431=AXIS2_PLACEMENT_3D('',#2088,#1663,#1664);
#1432=AXIS2_PLACEMENT_3D('',#2090,#1665,#1666);
#1433=AXIS2_PLACEMENT_3D('',#2092,#1667,#1668);
#1434=AXIS2_PLACEMENT_3D('',#2093,#1669,#1670);
#1435=AXIS2_PLACEMENT_3D('',#2105,#1671,#1672);
#1436=AXIS2_PLACEMENT_3D('',#2107,#1673,#1674);
#1437=AXIS2_PLACEMENT_3D('',#2109,#1675,#1676);
#1438=AXIS2_PLACEMENT_3D('',#2110,#1677,#1678);
#1439=AXIS2_PLACEMENT_3D('',#2111,#1679,#1680);
#1440=AXIS2_PLACEMENT_3D('',#2114,#1683,#1684);
#1441=AXIS2_PLACEMENT_3D('',#2117,#1685,#1686);
#1442=AXIS2_PLACEMENT_3D('',#2131,#1689,#1690);
#1443=AXIS2_PLACEMENT_3D('',#2133,#1691,#1692);
#1444=AXIS2_PLACEMENT_3D('',#2135,#1693,#1694);
#1445=AXIS2_PLACEMENT_3D('',#2136,#1695,#1696);
#1446=AXIS2_PLACEMENT_3D('',#2137,#1697,#1698);
#1447=AXIS2_PLACEMENT_3D('',#2140,#1701,#1702);
#1448=AXIS2_PLACEMENT_3D('',#2143,#1703,#1704);
#1449=AXIS2_PLACEMENT_3D('',#2157,#1707,#1708);
#1450=AXIS2_PLACEMENT_3D('',#2159,#1709,#1710);
#1451=AXIS2_PLACEMENT_3D('',#2161,#1711,#1712);
#1452=AXIS2_PLACEMENT_3D('',#2162,#1713,#1714);
#1453=AXIS2_PLACEMENT_3D('',#2163,#1715,#1716);
#1454=AXIS2_PLACEMENT_3D('',#2168,#1719,#1720);
#1455=AXIS2_PLACEMENT_3D('',#2180,#1721,#1722);
#1456=AXIS2_PLACEMENT_3D('',#2182,#1723,#1724);
#1457=AXIS2_PLACEMENT_3D('',#2184,#1725,#1726);
#1458=AXIS2_PLACEMENT_3D('',#2185,#1727,#1728);
#1459=AXIS2_PLACEMENT_3D('',#2197,#1729,#1730);
#1460=AXIS2_PLACEMENT_3D('',#2199,#1731,#1732);
#1461=AXIS2_PLACEMENT_3D('',#2201,#1733,#1734);
#1462=AXIS2_PLACEMENT_3D('',#2202,#1735,#1736);
#1463=AXIS2_PLACEMENT_3D('',#2203,#1737,#1738);
#1464=AXIS2_PLACEMENT_3D('',#2206,#1741,#1742);
#1465=AXIS2_PLACEMENT_3D('',#2209,#1743,#1744);
#1466=AXIS2_PLACEMENT_3D('',#2223,#1747,#1748);
#1467=AXIS2_PLACEMENT_3D('',#2225,#1749,#1750);
#1468=AXIS2_PLACEMENT_3D('',#2227,#1751,#1752);
#1469=AXIS2_PLACEMENT_3D('',#2228,#1753,#1754);
#1470=AXIS2_PLACEMENT_3D('',#2229,#1755,#1756);
#1471=AXIS2_PLACEMENT_3D('',#2234,#1759,#1760);
#1472=AXIS2_PLACEMENT_3D('',#2235,#1761,#1762);
#1473=AXIS2_PLACEMENT_3D('',#2238,#1765,#1766);
#1474=AXIS2_PLACEMENT_3D('',#2241,#1767,#1768);
#1475=AXIS2_PLACEMENT_3D('',#2244,#1771,#1772);
#1476=AXIS2_PLACEMENT_3D('',#2247,#1775,#1776);
#1477=AXIS2_PLACEMENT_3D('',#2250,#1777,#1778);
#1478=AXIS2_PLACEMENT_3D('',#2253,#1781,#1782);
#1479=AXIS2_PLACEMENT_3D('',#2256,#1785,#1786);
#1480=AXIS2_PLACEMENT_3D('',#2259,#1787,#1788);
#1481=AXIS2_PLACEMENT_3D('',#2262,#1791,#1792);
#1482=AXIS2_PLACEMENT_3D('',#2267,#1795,#1796);
#1483=AXIS2_PLACEMENT_3D('',#2268,#1797,#1798);
#1484=AXIS2_PLACEMENT_3D('',#2271,#1801,#1802);
#1485=AXIS2_PLACEMENT_3D('',#2274,#1803,#1804);
#1486=AXIS2_PLACEMENT_3D('',#2277,#1807,#1808);
#1487=AXIS2_PLACEMENT_3D('',#2280,#1811,#1812);
#1488=AXIS2_PLACEMENT_3D('',#2283,#1813,#1814);
#1489=AXIS2_PLACEMENT_3D('',#2286,#1817,#1818);
#1490=AXIS2_PLACEMENT_3D('',#2290,#1821,#1822);
#1491=AXIS2_PLACEMENT_3D('',#2292,#1824,#1825);
#1492=AXIS2_PLACEMENT_3D('',#2294,#1827,#1828);
#1493=AXIS2_PLACEMENT_3D('',#2298,#1831,#1832);
#1494=AXIS2_PLACEMENT_3D('',#2300,#1834,#1835);
#1495=AXIS2_PLACEMENT_3D('',#2302,#1837,#1838);
#1496=AXIS2_PLACEMENT_3D('',#2311,#1845,#1846);
#1497=AXIS2_PLACEMENT_3D('',#2312,#1847,#1848);
#1498=AXIS2_PLACEMENT_3D('',#2314,#1850,#1851);
#1499=AXIS2_PLACEMENT_3D('',#2315,#1852,#1853);
#1500=AXIS2_PLACEMENT_3D('',#2317,#1855,#1856);
#1501=AXIS2_PLACEMENT_3D('',#2318,#1857,#1858);
#1502=AXIS2_PLACEMENT_3D('',#2319,#1859,#1860);
#1503=AXIS2_PLACEMENT_3D('',#2320,#1861,#1862);
#1504=AXIS2_PLACEMENT_3D('',#2321,#1863,#1864);
#1505=AXIS2_PLACEMENT_3D('',#2323,#1865,#1866);
#1506=AXIS2_PLACEMENT_3D('',#2326,#1868,#1869);
#1507=AXIS2_PLACEMENT_3D('',#2327,#1870,#1871);
#1508=AXIS2_PLACEMENT_3D('',#2328,#1872,#1873);
#1509=AXIS2_PLACEMENT_3D('',#2329,#1874,#1875);
#1510=AXIS2_PLACEMENT_3D('',#2330,#1876,#1877);
#1511=AXIS2_PLACEMENT_3D('',#2339,#1882,#1883);
#1512=AXIS2_PLACEMENT_3D('',#2345,#1887,#1888);
#1513=AXIS2_PLACEMENT_3D('',#2351,#1892,#1893);
#1514=AXIS2_PLACEMENT_3D('',#2354,#1896,#1897);
#1515=AXIS2_PLACEMENT_3D('',#2355,#1898,#1899);
#1516=AXIS2_PLACEMENT_3D('',#2356,#1900,#1901);
#1517=AXIS2_PLACEMENT_3D('',#2365,#1906,#1907);
#1518=AXIS2_PLACEMENT_3D('',#2371,#1911,#1912);
#1519=AXIS2_PLACEMENT_3D('',#2377,#1916,#1917);
#1520=AXIS2_PLACEMENT_3D('',#2380,#1920,#1921);
#1521=AXIS2_PLACEMENT_3D('',#2381,#1922,#1923);
#1522=AXIS2_PLACEMENT_3D('',#2382,#1924,#1925);
#1523=AXIS2_PLACEMENT_3D('',#2383,#1926,#1927);
#1524=AXIS2_PLACEMENT_3D('',#2384,#1928,#1929);
#1525=DIRECTION('axis',(0.,0.,1.));
#1526=DIRECTION('refdir',(1.,0.,0.));
#1527=DIRECTION('axis',(0.,0.,1.));
#1528=DIRECTION('refdir',(1.,0.,0.));
#1529=DIRECTION('center_axis',(0.,0.,1.));
#1530=DIRECTION('ref_axis',(0.923879532511286,0.382683432365092,0.));
#1531=DIRECTION('center_axis',(0.,0.,-1.));
#1532=DIRECTION('ref_axis',(0.923879532511286,0.382683432365092,0.));
#1533=DIRECTION('',(0.,0.,-1.));
#1534=DIRECTION('center_axis',(0.,0.,1.));
#1535=DIRECTION('ref_axis',(0.923879532511286,0.382683432365092,0.));
#1536=DIRECTION('',(0.,0.,1.));
#1537=DIRECTION('center_axis',(1.,1.58603289232165E-15,0.));
#1538=DIRECTION('ref_axis',(-1.58603289232165E-15,1.,0.));
#1539=DIRECTION('',(-1.58603289232165E-15,1.,0.));
#1540=DIRECTION('',(0.,0.,1.));
#1541=DIRECTION('',(-1.58603289232165E-15,1.,0.));
#1542=DIRECTION('center_axis',(0.,0.,1.));
#1543=DIRECTION('ref_axis',(1.,0.,0.));
#1544=DIRECTION('',(-0.70710678118655,0.707106781186545,0.));
#1545=DIRECTION('',(-3.96508223080412E-15,1.,0.));
#1546=DIRECTION('center_axis',(0.,0.,-1.));
#1547=DIRECTION('ref_axis',(0.707106781186546,0.70710678118655,0.));
#1548=DIRECTION('',(-1.,0.,0.));
#1549=DIRECTION('center_axis',(0.,0.,-1.));
#1550=DIRECTION('ref_axis',(-0.707106781186528,0.707106781186567,0.));
#1551=DIRECTION('',(-5.47181347850969E-14,-1.,0.));
#1552=DIRECTION('',(-0.707106781186602,-0.707106781186493,0.));
#1553=DIRECTION('center_axis',(0.,0.,-1.));
#1554=DIRECTION('ref_axis',(-0.923879532511261,0.382683432365153,0.));
#1555=DIRECTION('',(-5.86832170159011E-14,-1.,0.));
#1556=DIRECTION('center_axis',(0.,0.,-1.));
#1557=DIRECTION('ref_axis',(-0.923879532511286,-0.382683432365092,0.));
#1558=DIRECTION('',(0.707106781186594,-0.707106781186501,0.));
#1559=DIRECTION('',(6.42343321390268E-14,-1.,0.));
#1560=DIRECTION('center_axis',(0.,0.,-1.));
#1561=DIRECTION('ref_axis',(-0.707106781186524,-0.707106781186571,0.));
#1562=DIRECTION('',(1.,0.,0.));
#1563=DIRECTION('center_axis',(0.,0.,-1.));
#1564=DIRECTION('ref_axis',(0.707106781186548,-0.707106781186548,0.));
#1565=DIRECTION('',(3.56857400772371E-15,1.,0.));
#1566=DIRECTION('',(0.707106781186549,0.707106781186546,0.));
#1567=DIRECTION('center_axis',(0.,0.,-1.));
#1568=DIRECTION('ref_axis',(0.923879532511287,-0.38268343236509,0.));
#1569=DIRECTION('center_axis',(0.,0.,1.));
#1570=DIRECTION('ref_axis',(0.923879532511287,-0.38268343236509,0.));
#1571=DIRECTION('',(0.,0.,-1.));
#1572=DIRECTION('center_axis',(0.,0.,1.));
#1573=DIRECTION('ref_axis',(0.923879532511287,-0.38268343236509,0.));
#1574=DIRECTION('center_axis',(0.707106781186546,-0.707106781186549,0.));
#1575=DIRECTION('ref_axis',(0.707106781186549,0.707106781186546,0.));
#1576=DIRECTION('',(0.,0.,1.));
#1577=DIRECTION('',(0.707106781186549,0.707106781186546,0.));
#1578=DIRECTION('center_axis',(0.,0.,1.));
#1579=DIRECTION('ref_axis',(-0.923879532511286,-0.382683432365092,0.));
#1580=DIRECTION('',(0.,0.,-1.));
#1581=DIRECTION('center_axis',(0.,0.,1.));
#1582=DIRECTION('ref_axis',(-0.923879532511286,-0.382683432365092,0.));
#1583=DIRECTION('',(0.,0.,1.));
#1584=DIRECTION('center_axis',(-1.,5.86832170159011E-14,0.));
#1585=DIRECTION('ref_axis',(-5.86832170159011E-14,-1.,0.));
#1586=DIRECTION('',(0.,0.,1.));
#1587=DIRECTION('',(-5.86832170159011E-14,-1.,0.));
#1588=DIRECTION('center_axis',(0.,0.,1.));
#1589=DIRECTION('ref_axis',(-0.923879532511261,0.382683432365153,0.));
#1590=DIRECTION('',(0.,0.,-1.));
#1591=DIRECTION('center_axis',(0.,0.,1.));
#1592=DIRECTION('ref_axis',(-0.923879532511261,0.382683432365153,0.));
#1593=DIRECTION('center_axis',(-0.707106781186493,0.707106781186603,0.));
#1594=DIRECTION('ref_axis',(-0.707106781186602,-0.707106781186493,0.));
#1595=DIRECTION('',(0.,0.,1.));
#1596=DIRECTION('',(-0.707106781186602,-0.707106781186493,0.));
#1597=DIRECTION('center_axis',(0.,0.,1.));
#1598=DIRECTION('ref_axis',(-0.707106781186528,0.707106781186567,0.));
#1599=DIRECTION('',(0.,0.,-1.));
#1600=DIRECTION('center_axis',(0.,0.,1.));
#1601=DIRECTION('ref_axis',(-0.707106781186528,0.707106781186567,0.));
#1602=DIRECTION('',(0.,0.,1.));
#1603=DIRECTION('center_axis',(0.,1.,0.));
#1604=DIRECTION('ref_axis',(-1.,0.,0.));
#1605=DIRECTION('',(0.,0.,1.));
#1606=DIRECTION('',(1.,0.,0.));
#1607=DIRECTION('center_axis',(0.,0.,1.));
#1608=DIRECTION('ref_axis',(0.707106781186546,0.70710678118655,0.));
#1609=DIRECTION('',(0.,0.,-1.));
#1610=DIRECTION('center_axis',(0.,0.,1.));
#1611=DIRECTION('ref_axis',(0.707106781186546,0.70710678118655,0.));
#1612=DIRECTION('center_axis',(1.,3.96508223080412E-15,0.));
#1613=DIRECTION('ref_axis',(-3.96508223080412E-15,1.,0.));
#1614=DIRECTION('',(0.,0.,1.));
#1615=DIRECTION('',(3.96508223080412E-15,-1.,0.));
#1616=DIRECTION('center_axis',(0.,0.,1.));
#1617=DIRECTION('ref_axis',(0.707106781186548,-0.707106781186548,0.));
#1618=DIRECTION('',(0.,0.,-1.));
#1619=DIRECTION('center_axis',(0.,0.,1.));
#1620=DIRECTION('ref_axis',(0.707106781186548,-0.707106781186548,0.));
#1621=DIRECTION('',(0.,0.,1.));
#1622=DIRECTION('center_axis',(0.,-1.,0.));
#1623=DIRECTION('ref_axis',(1.,0.,0.));
#1624=DIRECTION('',(0.,0.,1.));
#1625=DIRECTION('',(1.,0.,0.));
#1626=DIRECTION('center_axis',(0.,0.,1.));
#1627=DIRECTION('ref_axis',(-0.707106781186524,-0.707106781186571,0.));
#1628=DIRECTION('',(0.,0.,-1.));
#1629=DIRECTION('center_axis',(0.,0.,1.));
#1630=DIRECTION('ref_axis',(-0.707106781186524,-0.707106781186571,0.));
#1631=DIRECTION('center_axis',(-1.,-6.42343321390268E-14,0.));
#1632=DIRECTION('ref_axis',(6.42343321390268E-14,-1.,0.));
#1633=DIRECTION('',(0.,0.,1.));
#1634=DIRECTION('',(-6.42343321390268E-14,1.,0.));
#1635=DIRECTION('center_axis',(-0.707106781186501,-0.707106781186594,0.));
#1636=DIRECTION('ref_axis',(0.707106781186594,-0.707106781186501,0.));
#1637=DIRECTION('',(-0.707106781186594,0.707106781186501,0.));
#1638=DIRECTION('center_axis',(-1.,5.47181347850969E-14,0.));
#1639=DIRECTION('ref_axis',(-5.47181347850969E-14,-1.,0.));
#1640=DIRECTION('',(-5.47181347850969E-14,-1.,0.));
#1641=DIRECTION('center_axis',(0.707106781186545,0.70710678118655,0.));
#1642=DIRECTION('ref_axis',(-0.70710678118655,0.707106781186545,0.));
#1643=DIRECTION('',(0.70710678118655,-0.707106781186545,0.));
#1644=DIRECTION('center_axis',(1.,-3.56857400772371E-15,0.));
#1645=DIRECTION('ref_axis',(3.56857400772371E-15,1.,0.));
#1646=DIRECTION('',(3.56857400772371E-15,1.,0.));
#1647=DIRECTION('center_axis',(0.,0.,1.));
#1648=DIRECTION('ref_axis',(1.,0.,0.));
#1649=DIRECTION('center_axis',(0.,0.,-1.));
#1650=DIRECTION('ref_axis',(-0.707106781186516,0.707106781186579,0.));
#1651=DIRECTION('center_axis',(1.,-3.05311331771918E-14,0.));
#1652=DIRECTION('ref_axis',(3.05311331771918E-14,1.,0.));
#1653=DIRECTION('center_axis',(0.,0.,1.));
#1654=DIRECTION('ref_axis',(-1.,5.41233724504763E-14,0.));
#1655=DIRECTION('center_axis',(-5.27355936696949E-14,-1.,0.));
#1656=DIRECTION('ref_axis',(0.,0.,1.));
#1657=DIRECTION('center_axis',(-5.47181347850969E-14,-1.,0.));
#1658=DIRECTION('ref_axis',(-0.707106781186548,3.72896958937396E-14,0.707106781186548));
#1659=DIRECTION('',(5.47181347850969E-14,1.,0.));
#1660=DIRECTION('',(-5.47181347850969E-14,-1.,0.));
#1661=DIRECTION('center_axis',(0.382683432365151,0.923879532511261,0.));
#1662=DIRECTION('ref_axis',(-0.923879532511261,0.382683432365151,0.));
#1663=DIRECTION('center_axis',(0.,0.,-1.));
#1664=DIRECTION('ref_axis',(0.707106781186559,0.707106781186536,0.));
#1665=DIRECTION('center_axis',(2.77555756156289E-15,-1.,0.));
#1666=DIRECTION('ref_axis',(1.,2.77555756156289E-15,0.));
#1667=DIRECTION('center_axis',(0.,0.,1.));
#1668=DIRECTION('ref_axis',(3.05311331771918E-14,1.,0.));
#1669=DIRECTION('center_axis',(-1.,3.05311331771918E-14,0.));
#1670=DIRECTION('ref_axis',(0.,0.,1.));
#1671=DIRECTION('center_axis',(0.,0.,-1.));
#1672=DIRECTION('ref_axis',(-0.923879532511261,0.382683432365151,0.));
#1673=DIRECTION('center_axis',(0.707106781186602,0.707106781186493,0.));
#1674=DIRECTION('ref_axis',(-0.707106781186493,0.707106781186602,0.));
#1675=DIRECTION('center_axis',(0.,0.,1.));
#1676=DIRECTION('ref_axis',(-1.,5.89805981832114E-14,0.));
#1677=DIRECTION('center_axis',(-5.96744875736021E-14,-1.,0.));
#1678=DIRECTION('ref_axis',(0.,0.,1.));
#1679=DIRECTION('center_axis',(-0.707106781186603,-0.707106781186493,0.));
#1680=DIRECTION('ref_axis',(-0.499999999999963,0.500000000000037,0.707106781186548));
#1681=DIRECTION('',(-0.707106781186602,-0.707106781186493,0.));
#1682=DIRECTION('',(0.707106781186602,0.707106781186493,0.));
#1683=DIRECTION('center_axis',(0.,0.,-1.));
#1684=DIRECTION('ref_axis',(-0.923879532511261,0.382683432365153,0.));
#1685=DIRECTION('center_axis',(0.,0.,1.));
#1686=DIRECTION('ref_axis',(-0.923879532511261,0.382683432365153,0.));
#1687=DIRECTION('',(0.,0.,1.));
#1688=DIRECTION('',(0.,0.,-1.));
#1689=DIRECTION('center_axis',(0.,0.,-1.));
#1690=DIRECTION('ref_axis',(-0.923879532511285,-0.382683432365094,0.));
#1691=DIRECTION('center_axis',(5.82867087928207E-14,1.,0.));
#1692=DIRECTION('ref_axis',(-1.,5.82867087928207E-14,0.));
#1693=DIRECTION('center_axis',(0.,0.,1.));
#1694=DIRECTION('ref_axis',(-0.707106781186501,-0.707106781186594,0.));
#1695=DIRECTION('center_axis',(0.707106781186593,-0.707106781186502,0.));
#1696=DIRECTION('ref_axis',(0.,0.,1.));
#1697=DIRECTION('center_axis',(-5.86832170159011E-14,-1.,0.));
#1698=DIRECTION('ref_axis',(-0.707106781186548,4.21962348271264E-14,0.707106781186548));
#1699=DIRECTION('',(5.86832170159011E-14,1.,0.));
#1700=DIRECTION('',(-5.86832170159011E-14,-1.,0.));
#1701=DIRECTION('center_axis',(0.,0.,-1.));
#1702=DIRECTION('ref_axis',(-0.923879532511286,-0.382683432365093,0.));
#1703=DIRECTION('center_axis',(0.,0.,1.));
#1704=DIRECTION('ref_axis',(-0.923879532511286,-0.382683432365093,0.));
#1705=DIRECTION('',(0.,0.,1.));
#1706=DIRECTION('',(0.,0.,-1.));
#1707=DIRECTION('center_axis',(0.,0.,-1.));
#1708=DIRECTION('ref_axis',(0.923879532511286,0.382683432365092,0.));
#1709=DIRECTION('center_axis',(1.38777878078144E-15,-1.,0.));
#1710=DIRECTION('ref_axis',(1.,1.38777878078144E-15,0.));
#1711=DIRECTION('center_axis',(0.,0.,1.));
#1712=DIRECTION('ref_axis',(0.707106781186545,0.70710678118655,0.));
#1713=DIRECTION('center_axis',(-0.70710678118655,0.707106781186545,0.));
#1714=DIRECTION('ref_axis',(0.,0.,1.));
#1715=DIRECTION('center_axis',(-0.707106781186594,0.707106781186501,0.));
#1716=DIRECTION('ref_axis',(-0.499999999999967,-0.500000000000033,0.707106781186548));
#1717=DIRECTION('',(-0.707106781186594,0.707106781186501,0.));
#1718=DIRECTION('',(0.707106781186594,-0.707106781186501,0.));
#1719=DIRECTION('center_axis',(-0.382683432365146,0.923879532511264,0.));
#1720=DIRECTION('ref_axis',(0.923879532511264,0.382683432365146,0.));
#1721=DIRECTION('center_axis',(0.,0.,-1.));
#1722=DIRECTION('ref_axis',(0.923879532511287,-0.38268343236509,0.));
#1723=DIRECTION('center_axis',(-0.70710678118655,-0.707106781186545,-1.96261557335472E-15));
#1724=DIRECTION('ref_axis',(0.707106781186545,-0.70710678118655,0.));
#1725=DIRECTION('center_axis',(0.,0.,1.));
#1726=DIRECTION('ref_axis',(1.,1.38777878078144E-15,0.));
#1727=DIRECTION('center_axis',(-2.77555756156289E-15,1.,0.));
#1728=DIRECTION('ref_axis',(0.,0.,1.));
#1729=DIRECTION('center_axis',(0.,0.,-1.));
#1730=DIRECTION('ref_axis',(-0.707106781186514,-0.707106781186581,0.));
#1731=DIRECTION('center_axis',(-6.38378239159464E-14,1.,0.));
#1732=DIRECTION('ref_axis',(-1.,-6.38378239159465E-14,0.));
#1733=DIRECTION('center_axis',(0.,0.,1.));
#1734=DIRECTION('ref_axis',(3.05311331771918E-14,-1.,0.));
#1735=DIRECTION('center_axis',(1.,3.05311331771918E-14,0.));
#1736=DIRECTION('ref_axis',(0.,0.,1.));
#1737=DIRECTION('center_axis',(-6.42343321390268E-14,1.,0.));
#1738=DIRECTION('ref_axis',(-0.707106781186548,-4.51401581871585E-14,0.707106781186548));
#1739=DIRECTION('',(6.42343321390268E-14,-1.,0.));
#1740=DIRECTION('',(-6.42343321390268E-14,1.,0.));
#1741=DIRECTION('center_axis',(0.,0.,-1.));
#1742=DIRECTION('ref_axis',(-0.707106781186515,-0.70710678118658,0.));
#1743=DIRECTION('center_axis',(0.,0.,1.));
#1744=DIRECTION('ref_axis',(-0.707106781186515,-0.70710678118658,0.));
#1745=DIRECTION('',(0.,0.,1.));
#1746=DIRECTION('',(0.,0.,-1.));
#1747=DIRECTION('center_axis',(0.,0.,1.));
#1748=DIRECTION('ref_axis',(1.,-4.16333634234434E-15,0.));
#1749=DIRECTION('center_axis',(2.7755575615629E-15,1.,0.));
#1750=DIRECTION('ref_axis',(0.,0.,1.));
#1751=DIRECTION('center_axis',(0.,0.,-1.));
#1752=DIRECTION('ref_axis',(0.707106781186559,-0.707106781186536,0.));
#1753=DIRECTION('center_axis',(-1.,-3.05311331771918E-14,0.));
#1754=DIRECTION('ref_axis',(3.05311331771918E-14,-1.,0.));
#1755=DIRECTION('center_axis',(3.56857400772371E-15,1.,0.));
#1756=DIRECTION('ref_axis',(0.707106781186548,-3.92523114670943E-15,0.707106781186548));
#1757=DIRECTION('',(-3.56857400772371E-15,-1.,0.));
#1758=DIRECTION('',(3.56857400772371E-15,1.,0.));
#1759=DIRECTION('center_axis',(-0.382683432365095,-0.923879532511285,0.));
#1760=DIRECTION('ref_axis',(0.923879532511285,-0.382683432365095,0.));
#1761=DIRECTION('center_axis',(1.,3.01346249541123E-14,0.));
#1762=DIRECTION('ref_axis',(2.15887713069019E-14,-0.707106781186548,0.707106781186548));
#1763=DIRECTION('',(-1.,-3.01346249541123E-14,0.));
#1764=DIRECTION('',(1.,3.01346249541123E-14,0.));
#1765=DIRECTION('center_axis',(0.,0.,-1.));
#1766=DIRECTION('ref_axis',(0.707106781186556,-0.707106781186539,0.));
#1767=DIRECTION('center_axis',(0.,0.,1.));
#1768=DIRECTION('ref_axis',(0.707106781186556,-0.707106781186539,0.));
#1769=DIRECTION('',(0.,0.,1.));
#1770=DIRECTION('',(0.,0.,-1.));
#1771=DIRECTION('center_axis',(0.707106781186549,0.707106781186546,0.));
#1772=DIRECTION('ref_axis',(0.499999999999998,-0.500000000000002,0.707106781186548));
#1773=DIRECTION('',(0.707106781186549,0.707106781186546,0.));
#1774=DIRECTION('',(-0.707106781186549,-0.707106781186546,0.));
#1775=DIRECTION('center_axis',(0.,0.,-1.));
#1776=DIRECTION('ref_axis',(0.923879532511286,-0.382683432365091,0.));
#1777=DIRECTION('center_axis',(0.,0.,1.));
#1778=DIRECTION('ref_axis',(0.923879532511286,-0.382683432365091,0.));
#1779=DIRECTION('',(0.,0.,1.));
#1780=DIRECTION('',(0.,0.,-1.));
#1781=DIRECTION('center_axis',(-1.58603289232165E-15,1.,0.));
#1782=DIRECTION('ref_axis',(0.707106781186548,9.81307786677358E-16,0.707106781186548));
#1783=DIRECTION('',(1.58603289232165E-15,-1.,0.));
#1784=DIRECTION('',(-1.58603289232165E-15,1.,0.));
#1785=DIRECTION('center_axis',(0.,0.,-1.));
#1786=DIRECTION('ref_axis',(0.923879532511286,0.382683432365092,0.));
#1787=DIRECTION('center_axis',(0.,0.,1.));
#1788=DIRECTION('ref_axis',(0.923879532511286,0.382683432365092,0.));
#1789=DIRECTION('',(0.,0.,1.));
#1790=DIRECTION('',(0.,0.,-1.));
#1791=DIRECTION('center_axis',(0.70710678118655,-0.707106781186545,0.));
#1792=DIRECTION('ref_axis',(0.499999999999995,0.500000000000003,0.707106781186549));
#1793=DIRECTION('',(0.70710678118655,-0.707106781186545,0.));
#1794=DIRECTION('',(-0.70710678118655,0.707106781186545,0.));
#1795=DIRECTION('center_axis',(0.38268343236509,-0.923879532511287,0.));
#1796=DIRECTION('ref_axis',(-0.923879532511287,-0.38268343236509,0.));
#1797=DIRECTION('center_axis',(3.96508223080412E-15,-1.,0.));
#1798=DIRECTION('ref_axis',(0.707106781186548,1.96261557335472E-15,0.707106781186548));
#1799=DIRECTION('',(-3.96508223080412E-15,1.,0.));
#1800=DIRECTION('',(3.96508223080412E-15,-1.,0.));
#1801=DIRECTION('center_axis',(0.,0.,-1.));
#1802=DIRECTION('ref_axis',(0.707106781186556,0.707106781186539,0.));
#1803=DIRECTION('center_axis',(0.,0.,1.));
#1804=DIRECTION('ref_axis',(0.707106781186556,0.707106781186539,0.));
#1805=DIRECTION('',(0.,0.,1.));
#1806=DIRECTION('',(0.,0.,-1.));
#1807=DIRECTION('center_axis',(-1.,3.02932282433445E-14,0.));
#1808=DIRECTION('ref_axis',(2.15887713069019E-14,0.707106781186548,0.707106781186548));
#1809=DIRECTION('',(1.,-3.02932282433445E-14,0.));
#1810=DIRECTION('',(-1.,3.02932282433445E-14,0.));
#1811=DIRECTION('center_axis',(0.,0.,-1.));
#1812=DIRECTION('ref_axis',(-0.707106781186517,0.707106781186578,0.));
#1813=DIRECTION('center_axis',(0.,0.,1.));
#1814=DIRECTION('ref_axis',(-0.707106781186517,0.707106781186578,0.));
#1815=DIRECTION('',(0.,0.,1.));
#1816=DIRECTION('',(0.,0.,-1.));
#1817=DIRECTION('center_axis',(-1.,-6.42343321390268E-14,0.));
#1818=DIRECTION('ref_axis',(-6.42343321390268E-14,1.,0.));
#1819=DIRECTION('',(0.,0.,-1.));
#1820=DIRECTION('',(-6.42343321390268E-14,1.,0.));
#1821=DIRECTION('center_axis',(-0.707106781186501,-0.707106781186594,0.));
#1822=DIRECTION('ref_axis',(-0.707106781186594,0.707106781186501,0.));
#1823=DIRECTION('',(-0.707106781186594,0.707106781186501,0.));
#1824=DIRECTION('center_axis',(-1.,5.86832170159011E-14,0.));
#1825=DIRECTION('ref_axis',(5.86832170159011E-14,1.,0.));
#1826=DIRECTION('',(5.86832170159011E-14,1.,0.));
#1827=DIRECTION('center_axis',(-0.707106781186493,0.707106781186603,0.));
#1828=DIRECTION('ref_axis',(0.707106781186602,0.707106781186493,0.));
#1829=DIRECTION('',(0.,0.,-1.));
#1830=DIRECTION('',(0.707106781186602,0.707106781186493,0.));
#1831=DIRECTION('center_axis',(-1.,5.47181347850969E-14,0.));
#1832=DIRECTION('ref_axis',(5.47181347850969E-14,1.,0.));
#1833=DIRECTION('',(5.47181347850969E-14,1.,0.));
#1834=DIRECTION('center_axis',(3.02932282433445E-14,1.,0.));
#1835=DIRECTION('ref_axis',(1.,-3.02932282433445E-14,0.));
#1836=DIRECTION('',(1.,-3.02932282433445E-14,0.));
#1837=DIRECTION('center_axis',(0.,0.,-1.));
#1838=DIRECTION('ref_axis',(-1.,0.,0.));
#1839=DIRECTION('',(3.96508223080412E-15,-1.,0.));
#1840=DIRECTION('',(0.70710678118655,-0.707106781186545,0.));
#1841=DIRECTION('',(1.58603289232165E-15,-1.,0.));
#1842=DIRECTION('',(-0.707106781186549,-0.707106781186546,0.));
#1843=DIRECTION('',(-3.56857400772371E-15,-1.,0.));
#1844=DIRECTION('',(-1.,-3.01346249541123E-14,0.));
#1845=DIRECTION('center_axis',(0.,0.,1.));
#1846=DIRECTION('ref_axis',(1.,0.,0.));
#1847=DIRECTION('center_axis',(0.707106781186546,-0.707106781186549,0.));
#1848=DIRECTION('ref_axis',(-0.707106781186549,-0.707106781186546,0.));
#1849=DIRECTION('',(0.,0.,-1.));
#1850=DIRECTION('center_axis',(1.,1.58603289232165E-15,0.));
#1851=DIRECTION('ref_axis',(1.58603289232165E-15,-1.,0.));
#1852=DIRECTION('center_axis',(0.707106781186545,0.70710678118655,0.));
#1853=DIRECTION('ref_axis',(0.70710678118655,-0.707106781186545,0.));
#1854=DIRECTION('',(0.,0.,-1.));
#1855=DIRECTION('center_axis',(1.,3.96508223080412E-15,0.));
#1856=DIRECTION('ref_axis',(3.96508223080412E-15,-1.,0.));
#1857=DIRECTION('center_axis',(3.01346249541123E-14,-1.,0.));
#1858=DIRECTION('ref_axis',(-1.,-3.01346249541123E-14,0.));
#1859=DIRECTION('center_axis',(1.,-3.56857400772371E-15,0.));
#1860=DIRECTION('ref_axis',(-3.56857400772371E-15,-1.,0.));
#1861=DIRECTION('axis',(0.,0.,1.));
#1862=DIRECTION('refdir',(1.,0.,0.));
#1863=DIRECTION('center_axis',(0.,0.,1.));
#1864=DIRECTION('ref_axis',(1.,0.,0.));
#1865=DIRECTION('center_axis',(0.,0.,1.));
#1866=DIRECTION('ref_axis',(1.,0.,0.));
#1867=DIRECTION('',(0.,0.,-1.));
#1868=DIRECTION('center_axis',(0.,0.,-1.));
#1869=DIRECTION('ref_axis',(1.,0.,0.));
#1870=DIRECTION('center_axis',(0.,0.,1.));
#1871=DIRECTION('ref_axis',(1.,0.,0.));
#1872=DIRECTION('center_axis',(0.,0.,-1.));
#1873=DIRECTION('ref_axis',(-1.,0.,0.));
#1874=DIRECTION('axis',(0.,0.,1.));
#1875=DIRECTION('refdir',(1.,0.,0.));
#1876=DIRECTION('center_axis',(1.,0.,0.));
#1877=DIRECTION('ref_axis',(0.,-1.,0.));
#1878=DIRECTION('',(0.,1.,0.));
#1879=DIRECTION('',(0.,0.,-1.));
#1880=DIRECTION('',(0.,-1.,0.));
#1881=DIRECTION('',(0.,0.,-1.));
#1882=DIRECTION('center_axis',(0.,1.,0.));
#1883=DIRECTION('ref_axis',(1.,0.,0.));
#1884=DIRECTION('',(-1.,0.,0.));
#1885=DIRECTION('',(1.,0.,0.));
#1886=DIRECTION('',(0.,0.,-1.));
#1887=DIRECTION('center_axis',(-1.,6.62627847328848E-13,0.));
#1888=DIRECTION('ref_axis',(6.62627847328848E-13,1.,0.));
#1889=DIRECTION('',(-6.62627847328848E-13,-1.,0.));
#1890=DIRECTION('',(6.62627847328848E-13,1.,0.));
#1891=DIRECTION('',(0.,0.,-1.));
#1892=DIRECTION('center_axis',(8.41078048958374E-17,-1.,0.));
#1893=DIRECTION('ref_axis',(-1.,-8.41078048958374E-17,0.));
#1894=DIRECTION('',(1.,8.41078048958374E-17,0.));
#1895=DIRECTION('',(-1.,-8.41078048958374E-17,0.));
#1896=DIRECTION('center_axis',(0.,0.,-1.));
#1897=DIRECTION('ref_axis',(-1.,0.,0.));
#1898=DIRECTION('center_axis',(0.,0.,-1.));
#1899=DIRECTION('ref_axis',(1.,0.,0.));
#1900=DIRECTION('center_axis',(8.41078048958452E-17,1.,0.));
#1901=DIRECTION('ref_axis',(1.,-8.41078048958452E-17,0.));
#1902=DIRECTION('',(1.,-8.41078048958452E-17,0.));
#1903=DIRECTION('',(0.,0.,-1.));
#1904=DIRECTION('',(1.,-8.41078048958452E-17,0.));
#1905=DIRECTION('',(0.,0.,-1.));
#1906=DIRECTION('center_axis',(-1.,-6.62627847328848E-13,0.));
#1907=DIRECTION('ref_axis',(-6.62627847328848E-13,1.,0.));
#1908=DIRECTION('',(-6.62627847328848E-13,1.,0.));
#1909=DIRECTION('',(-6.62627847328848E-13,1.,0.));
#1910=DIRECTION('',(0.,0.,-1.));
#1911=DIRECTION('center_axis',(1.68215609791722E-16,-1.,0.));
#1912=DIRECTION('ref_axis',(-1.,-1.68215609791722E-16,0.));
#1913=DIRECTION('',(-1.,-1.68215609791722E-16,0.));
#1914=DIRECTION('',(-1.,-1.68215609791722E-16,0.));
#1915=DIRECTION('',(0.,0.,-1.));
#1916=DIRECTION('center_axis',(1.,0.,0.));
#1917=DIRECTION('ref_axis',(0.,-1.,0.));
#1918=DIRECTION('',(0.,-1.,0.));
#1919=DIRECTION('',(0.,-1.,0.));
#1920=DIRECTION('center_axis',(0.,0.,-1.));
#1921=DIRECTION('ref_axis',(-1.,0.,0.));
#1922=DIRECTION('center_axis',(0.,0.,-1.));
#1923=DIRECTION('ref_axis',(1.,0.,0.));
#1924=DIRECTION('',(0.,0.,1.));
#1925=DIRECTION('',(1.,0.,0.));
#1926=DIRECTION('',(0.,0.,1.));
#1927=DIRECTION('',(1.,0.,0.));
#1928=DIRECTION('',(0.,0.,1.));
#1929=DIRECTION('',(1.,0.,0.));
#1930=CARTESIAN_POINT('',(0.,0.,0.));
#1931=CARTESIAN_POINT('',(0.,0.,0.));
#1932=CARTESIAN_POINT('Origin',(1.8,0.967157287525384,0.));
#1933=CARTESIAN_POINT('',(1.94142135623731,1.10857864376269,0.7));
#1934=CARTESIAN_POINT('',(2.,0.967157287525384,0.7));
#1935=CARTESIAN_POINT('Origin',(1.8,0.967157287525384,0.7));
#1936=CARTESIAN_POINT('',(2.,0.967157287525384,0.));
#1937=CARTESIAN_POINT('',(2.,0.967157287525384,0.));
#1938=CARTESIAN_POINT('',(1.94142135623731,1.10857864376269,0.));
#1939=CARTESIAN_POINT('Origin',(1.8,0.967157287525384,0.));
#1940=CARTESIAN_POINT('',(1.94142135623731,1.10857864376269,0.));
#1941=CARTESIAN_POINT('Origin',(2.,-1.05,0.));
#1942=CARTESIAN_POINT('',(2.,-0.96715728752538,0.7));
#1943=CARTESIAN_POINT('',(2.,-1.05,0.7));
#1944=CARTESIAN_POINT('',(2.,-0.96715728752538,0.));
#1945=CARTESIAN_POINT('',(2.,-0.96715728752538,0.));
#1946=CARTESIAN_POINT('',(2.,-1.05,0.));
#1947=CARTESIAN_POINT('Origin',(8.32667268468867E-16,0.,0.7));
#1948=CARTESIAN_POINT('',(1.75,1.3,0.7));
#1949=CARTESIAN_POINT('',(1.75,1.3,0.7));
#1950=CARTESIAN_POINT('',(1.75,1.9,0.7));
#1951=CARTESIAN_POINT('',(1.75,2.,0.7));
#1952=CARTESIAN_POINT('',(1.65,2.,0.7));
#1953=CARTESIAN_POINT('Origin',(1.65,1.9,0.7));
#1954=CARTESIAN_POINT('',(-1.64999999999988,2.,0.7));
#1955=CARTESIAN_POINT('',(6.0507154842071E-14,2.,0.7));
#1956=CARTESIAN_POINT('',(-1.74999999999988,1.90000000000001,0.7));
#1957=CARTESIAN_POINT('Origin',(-1.64999999999988,1.9,0.7));
#1958=CARTESIAN_POINT('',(-1.74999999999992,1.3000000000001,0.7));
#1959=CARTESIAN_POINT('',(-1.74999999999988,2.00000000000011,0.7));
#1960=CARTESIAN_POINT('',(-1.94142135623724,1.10857864376281,0.7));
#1961=CARTESIAN_POINT('',(-1.74999999999992,1.30000000000011,0.7));
#1962=CARTESIAN_POINT('',(-1.99999999999995,0.9671572875255,0.7));
#1963=CARTESIAN_POINT('Origin',(-1.79999999999994,0.967157287525488,0.7));
#1964=CARTESIAN_POINT('',(-2.00000000000006,-0.967157287525365,0.7));
#1965=CARTESIAN_POINT('',(-1.99999999999994,1.05000000000012,0.7));
#1966=CARTESIAN_POINT('',(-1.94142135623736,-1.1085786437627,0.7));
#1967=CARTESIAN_POINT('Origin',(-1.80000000000006,-0.967157287525377,0.7));
#1968=CARTESIAN_POINT('',(-1.74999999999992,-1.30000000000011,0.7));
#1969=CARTESIAN_POINT('',(-1.74999999999992,-1.30000000000011,0.7));
#1970=CARTESIAN_POINT('',(-1.74999999999989,-1.90000000000001,0.7));
#1971=CARTESIAN_POINT('',(-1.74999999999988,-2.00000000000011,0.7));
#1972=CARTESIAN_POINT('',(-1.64999999999989,-2.,0.7));
#1973=CARTESIAN_POINT('Origin',(-1.64999999999989,-1.9,0.7));
#1974=CARTESIAN_POINT('',(1.65,-2.,0.7));
#1975=CARTESIAN_POINT('',(6.07520842019005E-14,-2.,0.7));
#1976=CARTESIAN_POINT('',(1.75,-1.9,0.7));
#1977=CARTESIAN_POINT('Origin',(1.65,-1.9,0.7));
#1978=CARTESIAN_POINT('',(1.75,-1.3,0.7));
#1979=CARTESIAN_POINT('',(1.75,-2.,0.7));
#1980=CARTESIAN_POINT('',(1.94142135623731,-1.10857864376269,0.7));
#1981=CARTESIAN_POINT('',(1.75,-1.3,0.7));
#1982=CARTESIAN_POINT('Origin',(1.8,-0.967157287525381,0.7));
#1983=CARTESIAN_POINT('Origin',(1.8,-0.967157287525381,0.));
#1984=CARTESIAN_POINT('',(1.94142135623731,-1.10857864376269,0.));
#1985=CARTESIAN_POINT('',(1.94142135623731,-1.10857864376269,0.));
#1986=CARTESIAN_POINT('Origin',(1.8,-0.967157287525381,0.));
#1987=CARTESIAN_POINT('Origin',(1.75,-1.3,0.));
#1988=CARTESIAN_POINT('',(1.75,-1.3,0.));
#1989=CARTESIAN_POINT('',(1.75,-1.3,0.));
#1990=CARTESIAN_POINT('',(1.75,-1.3,0.));
#1991=CARTESIAN_POINT('Origin',(-1.80000000000006,-0.967157287525377,0.));
#1992=CARTESIAN_POINT('',(-2.00000000000006,-0.967157287525365,0.));
#1993=CARTESIAN_POINT('',(-2.00000000000006,-0.967157287525365,0.));
#1994=CARTESIAN_POINT('',(-1.94142135623736,-1.1085786437627,0.));
#1995=CARTESIAN_POINT('Origin',(-1.80000000000006,-0.967157287525377,0.));
#1996=CARTESIAN_POINT('',(-1.94142135623736,-1.1085786437627,0.));
#1997=CARTESIAN_POINT('Origin',(-1.99999999999994,1.05000000000012,0.));
#1998=CARTESIAN_POINT('',(-1.99999999999995,0.9671572875255,0.));
#1999=CARTESIAN_POINT('',(-1.99999999999995,0.9671572875255,0.));
#2000=CARTESIAN_POINT('',(-1.99999999999994,1.05000000000012,0.));
#2001=CARTESIAN_POINT('Origin',(-1.79999999999994,0.967157287525488,0.));
#2002=CARTESIAN_POINT('',(-1.94142135623724,1.10857864376281,0.));
#2003=CARTESIAN_POINT('',(-1.94142135623724,1.10857864376281,0.));
#2004=CARTESIAN_POINT('Origin',(-1.79999999999994,0.967157287525488,0.));
#2005=CARTESIAN_POINT('Origin',(-1.74999999999992,1.30000000000011,0.));
#2006=CARTESIAN_POINT('',(-1.74999999999992,1.30000000000011,0.));
#2007=CARTESIAN_POINT('',(-1.74999999999992,1.30000000000011,0.));
#2008=CARTESIAN_POINT('',(-1.74999999999992,1.30000000000011,0.));
#2009=CARTESIAN_POINT('Origin',(-1.64999999999988,1.9,0.));
#2010=CARTESIAN_POINT('',(-1.64999999999988,2.,0.));
#2011=CARTESIAN_POINT('',(-1.64999999999988,2.,0.));
#2012=CARTESIAN_POINT('',(-1.74999999999988,1.90000000000001,0.));
#2013=CARTESIAN_POINT('Origin',(-1.64999999999988,1.9,0.));
#2014=CARTESIAN_POINT('',(-1.74999999999988,1.90000000000001,0.));
#2015=CARTESIAN_POINT('Origin',(1.75,2.,0.));
#2016=CARTESIAN_POINT('',(1.65,2.,0.));
#2017=CARTESIAN_POINT('',(1.65,2.,0.));
#2018=CARTESIAN_POINT('',(6.0507154842071E-14,2.,0.));
#2019=CARTESIAN_POINT('Origin',(1.65,1.9,0.));
#2020=CARTESIAN_POINT('',(1.75,1.9,0.));
#2021=CARTESIAN_POINT('',(1.75,1.9,0.));
#2022=CARTESIAN_POINT('Origin',(1.65,1.9,0.));
#2023=CARTESIAN_POINT('Origin',(1.75,1.3,0.));
#2024=CARTESIAN_POINT('',(1.75,1.3,0.));
#2025=CARTESIAN_POINT('',(1.75,1.3,0.));
#2026=CARTESIAN_POINT('',(1.75,2.,0.));
#2027=CARTESIAN_POINT('Origin',(1.65,-1.9,0.));
#2028=CARTESIAN_POINT('',(1.65,-2.,0.));
#2029=CARTESIAN_POINT('',(1.65,-2.,0.));
#2030=CARTESIAN_POINT('',(1.75,-1.9,0.));
#2031=CARTESIAN_POINT('Origin',(1.65,-1.9,0.));
#2032=CARTESIAN_POINT('',(1.75,-1.9,0.));
#2033=CARTESIAN_POINT('Origin',(-1.74999999999988,-2.,0.));
#2034=CARTESIAN_POINT('',(-1.64999999999989,-2.,0.));
#2035=CARTESIAN_POINT('',(-1.64999999999989,-2.,0.));
#2036=CARTESIAN_POINT('',(6.07520842019005E-14,-2.,0.));
#2037=CARTESIAN_POINT('Origin',(-1.64999999999989,-1.9,0.));
#2038=CARTESIAN_POINT('',(-1.74999999999989,-1.90000000000001,0.));
#2039=CARTESIAN_POINT('',(-1.74999999999989,-1.90000000000001,0.));
#2040=CARTESIAN_POINT('Origin',(-1.64999999999989,-1.9,0.));
#2041=CARTESIAN_POINT('Origin',(-1.74999999999992,-1.30000000000011,0.));
#2042=CARTESIAN_POINT('',(-1.74999999999992,-1.30000000000011,0.));
#2043=CARTESIAN_POINT('',(-1.74999999999992,-1.30000000000011,0.));
#2044=CARTESIAN_POINT('',(-1.74999999999988,-2.00000000000011,0.));
#2045=CARTESIAN_POINT('Origin',(-1.99999999999994,-1.05000000000012,0.));
#2046=CARTESIAN_POINT('',(-1.74999999999992,-1.30000000000011,0.));
#2047=CARTESIAN_POINT('Origin',(-1.74999999999988,2.00000000000011,0.));
#2048=CARTESIAN_POINT('',(-1.74999999999988,2.00000000000011,0.));
#2049=CARTESIAN_POINT('Origin',(2.,1.05,0.));
#2050=CARTESIAN_POINT('',(1.75,1.3,0.));
#2051=CARTESIAN_POINT('Origin',(1.75,-2.,0.));
#2052=CARTESIAN_POINT('',(1.75,-2.,0.));
#2053=CARTESIAN_POINT('Origin',(8.32667268468867E-16,0.,0.));
#2054=CARTESIAN_POINT('Ctrl Pts',(-1.6499999999999,1.60000000000007,2.99));
#2055=CARTESIAN_POINT('Ctrl Pts',(-1.6499999999999,1.70000000000007,2.99));
#2056=CARTESIAN_POINT('Ctrl Pts',(-1.5499999999999,1.70000000000007,2.99));
#2057=CARTESIAN_POINT('Ctrl Pts',(-1.7499999999999,1.60000000000007,2.99));
#2058=CARTESIAN_POINT('Ctrl Pts',(-1.7499999999999,1.80000000000007,2.99));
#2059=CARTESIAN_POINT('Ctrl Pts',(-1.5499999999999,1.80000000000007,2.99));
#2060=CARTESIAN_POINT('Ctrl Pts',(-1.7499999999999,1.60000000000007,2.89));
#2061=CARTESIAN_POINT('Ctrl Pts',(-1.7499999999999,1.80000000000007,2.89));
#2062=CARTESIAN_POINT('Ctrl Pts',(-1.5499999999999,1.80000000000007,2.89));
#2063=CARTESIAN_POINT('',(-1.6499999999999,1.60000000000008,2.99));
#2064=CARTESIAN_POINT('',(-1.5499999999999,1.70000000000007,2.99));
#2065=CARTESIAN_POINT('Origin',(-1.5499999999999,1.60000000000007,2.99));
#2066=CARTESIAN_POINT('',(-1.54999999999989,1.80000000000007,2.89));
#2067=CARTESIAN_POINT('Origin',(-1.5499999999999,1.70000000000007,2.89));
#2068=CARTESIAN_POINT('',(-1.7499999999999,1.60000000000008,2.89));
#2069=CARTESIAN_POINT('Origin',(-1.5499999999999,1.60000000000007,2.89));
#2070=CARTESIAN_POINT('Origin',(-1.6499999999999,1.60000000000008,2.89));
#2071=CARTESIAN_POINT('Origin',(-1.64999999999995,0.650000000000095,2.89));
#2072=CARTESIAN_POINT('',(-1.64999999999992,1.25857864376279,2.99));
#2073=CARTESIAN_POINT('',(-1.64999999999995,0.650000000000095,2.99));
#2074=CARTESIAN_POINT('',(-1.74999999999992,1.30000000000011,2.89));
#2075=CARTESIAN_POINT('',(-1.74999999999995,0.6500000000001,2.89));
#2076=CARTESIAN_POINT('Origin',(-1.64999999999992,1.25857864376279,2.89));
#2077=CARTESIAN_POINT('Ctrl Pts',(1.55,1.69999999999998,2.99));
#2078=CARTESIAN_POINT('Ctrl Pts',(1.65,1.69999999999998,2.99));
#2079=CARTESIAN_POINT('Ctrl Pts',(1.65,1.59999999999998,2.99));
#2080=CARTESIAN_POINT('Ctrl Pts',(1.55,1.79999999999998,2.99));
#2081=CARTESIAN_POINT('Ctrl Pts',(1.75,1.79999999999998,2.99));
#2082=CARTESIAN_POINT('Ctrl Pts',(1.75,1.59999999999998,2.99));
#2083=CARTESIAN_POINT('Ctrl Pts',(1.55,1.79999999999998,2.89));
#2084=CARTESIAN_POINT('Ctrl Pts',(1.75,1.79999999999998,2.89));
#2085=CARTESIAN_POINT('Ctrl Pts',(1.75,1.59999999999998,2.89));
#2086=CARTESIAN_POINT('',(1.55,1.69999999999998,2.99));
#2087=CARTESIAN_POINT('',(1.65,1.59999999999998,2.99));
#2088=CARTESIAN_POINT('Origin',(1.55,1.59999999999998,2.99));
#2089=CARTESIAN_POINT('',(1.75,1.59999999999998,2.89));
#2090=CARTESIAN_POINT('Origin',(1.65,1.59999999999998,2.89));
#2091=CARTESIAN_POINT('',(1.55000000000001,1.79999999999998,2.89));
#2092=CARTESIAN_POINT('Origin',(1.55,1.59999999999998,2.89));
#2093=CARTESIAN_POINT('Origin',(1.55,1.69999999999998,2.89));
#2094=CARTESIAN_POINT('Ctrl Pts',(-1.89999999999994,0.967157287525488,2.99));
#2095=CARTESIAN_POINT('Ctrl Pts',(-1.89999999999994,1.0085786437628,2.99));
#2096=CARTESIAN_POINT('Ctrl Pts',(-1.87071067811859,1.03786796564415,2.99));
#2097=CARTESIAN_POINT('Ctrl Pts',(-1.99999999999995,0.967157287525488,2.99));
#2098=CARTESIAN_POINT('Ctrl Pts',(-1.99999999999994,1.05000000000012,2.99));
#2099=CARTESIAN_POINT('Ctrl Pts',(-1.94142135623724,1.10857864376281,2.99));
#2100=CARTESIAN_POINT('Ctrl Pts',(-1.99999999999995,0.967157287525488,2.89));
#2101=CARTESIAN_POINT('Ctrl Pts',(-1.99999999999994,1.05000000000012,2.89));
#2102=CARTESIAN_POINT('Ctrl Pts',(-1.94142135623724,1.10857864376281,2.89));
#2103=CARTESIAN_POINT('',(-1.89999999999995,0.967157287525494,2.99));
#2104=CARTESIAN_POINT('',(-1.87071067811859,1.03786796564415,2.99));
#2105=CARTESIAN_POINT('Origin',(-1.79999999999994,0.967157287525488,2.99));
#2106=CARTESIAN_POINT('',(-1.94142135623724,1.10857864376281,2.89));
#2107=CARTESIAN_POINT('Origin',(-1.87071067811859,1.03786796564415,2.89));
#2108=CARTESIAN_POINT('',(-1.99999999999995,0.9671572875255,2.89));
#2109=CARTESIAN_POINT('Origin',(-1.79999999999994,0.967157287525488,2.89));
#2110=CARTESIAN_POINT('Origin',(-1.89999999999995,0.967157287525494,2.89));
#2111=CARTESIAN_POINT('Origin',(-1.69178932188126,1.21678932188146,2.89));
#2112=CARTESIAN_POINT('',(-1.76249999999991,1.28750000000012,2.89));
#2113=CARTESIAN_POINT('',(-1.69178932188126,1.21678932188146,2.99));
#2114=CARTESIAN_POINT('Origin',(-1.79999999999994,0.967157287525488,2.99));
#2115=CARTESIAN_POINT('',(-1.94142135623724,1.10857864376281,2.29));
#2116=CARTESIAN_POINT('',(-1.99999999999995,0.9671572875255,2.29));
#2117=CARTESIAN_POINT('Origin',(-1.79999999999994,0.967157287525488,2.29));
#2118=CARTESIAN_POINT('',(-1.99999999999995,0.9671572875255,2.99));
#2119=CARTESIAN_POINT('',(-1.94142135623724,1.10857864376281,2.99));
#2120=CARTESIAN_POINT('Ctrl Pts',(-1.87071067811871,-1.03786796564404,2.99));
#2121=CARTESIAN_POINT('Ctrl Pts',(-1.90000000000006,-1.00857864376269,2.99));
#2122=CARTESIAN_POINT('Ctrl Pts',(-1.90000000000006,-0.967157287525376,
2.99));
#2123=CARTESIAN_POINT('Ctrl Pts',(-1.94142135623736,-1.1085786437627,2.99));
#2124=CARTESIAN_POINT('Ctrl Pts',(-2.00000000000006,-1.05,2.99));
#2125=CARTESIAN_POINT('Ctrl Pts',(-2.00000000000006,-0.967157287525376,
2.99));
#2126=CARTESIAN_POINT('Ctrl Pts',(-1.94142135623736,-1.1085786437627,2.89));
#2127=CARTESIAN_POINT('Ctrl Pts',(-2.00000000000006,-1.05,2.89));
#2128=CARTESIAN_POINT('Ctrl Pts',(-2.00000000000006,-0.967157287525376,
2.89));
#2129=CARTESIAN_POINT('',(-1.87071067811871,-1.03786796564404,2.99));
#2130=CARTESIAN_POINT('',(-1.90000000000006,-0.967157287525371,2.99));
#2131=CARTESIAN_POINT('Origin',(-1.80000000000006,-0.967157287525376,2.99));
#2132=CARTESIAN_POINT('',(-2.00000000000006,-0.967157287525365,2.89));
#2133=CARTESIAN_POINT('Origin',(-1.90000000000006,-0.967157287525371,2.89));
#2134=CARTESIAN_POINT('',(-1.94142135623736,-1.1085786437627,2.89));
#2135=CARTESIAN_POINT('Origin',(-1.80000000000006,-0.967157287525377,2.89));
#2136=CARTESIAN_POINT('Origin',(-1.87071067811871,-1.03786796564404,2.89));
#2137=CARTESIAN_POINT('Origin',(-1.90000000000003,-0.524999999999887,2.89));
#2138=CARTESIAN_POINT('',(-1.90000000000003,-0.524999999999887,2.99));
#2139=CARTESIAN_POINT('',(-2.00000000000003,-0.524999999999881,2.89));
#2140=CARTESIAN_POINT('Origin',(-1.80000000000006,-0.967157287525377,2.99));
#2141=CARTESIAN_POINT('',(-2.00000000000006,-0.967157287525365,2.29));
#2142=CARTESIAN_POINT('',(-1.94142135623736,-1.1085786437627,2.29));
#2143=CARTESIAN_POINT('Origin',(-1.80000000000006,-0.967157287525377,2.29));
#2144=CARTESIAN_POINT('',(-1.94142135623736,-1.1085786437627,2.99));
#2145=CARTESIAN_POINT('',(-2.00000000000006,-0.967157287525365,2.99));
#2146=CARTESIAN_POINT('Ctrl Pts',(1.87071067811865,1.03786796564404,2.99));
#2147=CARTESIAN_POINT('Ctrl Pts',(1.9,1.00857864376269,2.99));
#2148=CARTESIAN_POINT('Ctrl Pts',(1.9,0.967157287525384,2.99));
#2149=CARTESIAN_POINT('Ctrl Pts',(1.94142135623731,1.10857864376269,2.99));
#2150=CARTESIAN_POINT('Ctrl Pts',(2.,1.05,2.99));
#2151=CARTESIAN_POINT('Ctrl Pts',(2.,0.967157287525384,2.99));
#2152=CARTESIAN_POINT('Ctrl Pts',(1.94142135623731,1.10857864376269,2.89));
#2153=CARTESIAN_POINT('Ctrl Pts',(2.,1.05,2.89));
#2154=CARTESIAN_POINT('Ctrl Pts',(2.,0.967157287525384,2.89));
#2155=CARTESIAN_POINT('',(1.87071067811865,1.03786796564404,2.99));
#2156=CARTESIAN_POINT('',(1.9,0.967157287525384,2.99));
#2157=CARTESIAN_POINT('Origin',(1.8,0.967157287525384,2.99));
#2158=CARTESIAN_POINT('',(2.,0.967157287525384,2.89));
#2159=CARTESIAN_POINT('Origin',(1.9,0.967157287525384,2.89));
#2160=CARTESIAN_POINT('',(1.94142135623731,1.10857864376269,2.89));
#2161=CARTESIAN_POINT('Origin',(1.8,0.967157287525384,2.89));
#2162=CARTESIAN_POINT('Origin',(1.87071067811865,1.03786796564404,2.89));
#2163=CARTESIAN_POINT('Origin',(-1.56678932188126,-1.34178932188144,2.89));
#2164=CARTESIAN_POINT('',(-1.64999999999993,-1.25857864376279,2.99));
#2165=CARTESIAN_POINT('',(-1.56678932188126,-1.34178932188144,2.99));
#2166=CARTESIAN_POINT('',(-1.74999999999992,-1.30000000000011,2.89));
#2167=CARTESIAN_POINT('',(-1.63749999999991,-1.4125000000001,2.89));
#2168=CARTESIAN_POINT('Origin',(-1.64999999999993,-1.25857864376279,2.89));
#2169=CARTESIAN_POINT('Ctrl Pts',(1.9,-0.967157287525381,2.99));
#2170=CARTESIAN_POINT('Ctrl Pts',(1.9,-1.00857864376269,2.99));
#2171=CARTESIAN_POINT('Ctrl Pts',(1.87071067811866,-1.03786796564404,2.99));
#2172=CARTESIAN_POINT('Ctrl Pts',(2.,-0.967157287525381,2.99));
#2173=CARTESIAN_POINT('Ctrl Pts',(2.,-1.05,2.99));
#2174=CARTESIAN_POINT('Ctrl Pts',(1.94142135623731,-1.10857864376269,2.99));
#2175=CARTESIAN_POINT('Ctrl Pts',(2.,-0.967157287525381,2.89));
#2176=CARTESIAN_POINT('Ctrl Pts',(2.,-1.05,2.89));
#2177=CARTESIAN_POINT('Ctrl Pts',(1.94142135623731,-1.10857864376269,2.89));
#2178=CARTESIAN_POINT('',(1.9,-0.967157287525381,2.99));
#2179=CARTESIAN_POINT('',(1.87071067811866,-1.03786796564404,2.99));
#2180=CARTESIAN_POINT('Origin',(1.8,-0.967157287525381,2.99));
#2181=CARTESIAN_POINT('',(1.94142135623731,-1.10857864376269,2.89));
#2182=CARTESIAN_POINT('Origin',(1.87071067811866,-1.03786796564404,2.89));
#2183=CARTESIAN_POINT('',(2.,-0.96715728752538,2.89));
#2184=CARTESIAN_POINT('Origin',(1.8,-0.96715728752538,2.89));
#2185=CARTESIAN_POINT('Origin',(1.9,-0.967157287525381,2.89));
#2186=CARTESIAN_POINT('Ctrl Pts',(-1.5499999999999,-1.70000000000007,2.99));
#2187=CARTESIAN_POINT('Ctrl Pts',(-1.6499999999999,-1.70000000000007,2.99));
#2188=CARTESIAN_POINT('Ctrl Pts',(-1.6499999999999,-1.60000000000007,2.99));
#2189=CARTESIAN_POINT('Ctrl Pts',(-1.5499999999999,-1.80000000000007,2.99));
#2190=CARTESIAN_POINT('Ctrl Pts',(-1.7499999999999,-1.80000000000007,2.99));
#2191=CARTESIAN_POINT('Ctrl Pts',(-1.7499999999999,-1.60000000000007,2.99));
#2192=CARTESIAN_POINT('Ctrl Pts',(-1.5499999999999,-1.80000000000007,2.89));
#2193=CARTESIAN_POINT('Ctrl Pts',(-1.7499999999999,-1.80000000000007,2.89));
#2194=CARTESIAN_POINT('Ctrl Pts',(-1.7499999999999,-1.60000000000007,2.89));
#2195=CARTESIAN_POINT('',(-1.5499999999999,-1.70000000000007,2.99));
#2196=CARTESIAN_POINT('',(-1.6499999999999,-1.60000000000008,2.99));
#2197=CARTESIAN_POINT('Origin',(-1.5499999999999,-1.60000000000007,2.99));
#2198=CARTESIAN_POINT('',(-1.7499999999999,-1.60000000000009,2.89));
#2199=CARTESIAN_POINT('Origin',(-1.6499999999999,-1.60000000000008,2.89));
#2200=CARTESIAN_POINT('',(-1.5499999999999,-1.80000000000007,2.89));
#2201=CARTESIAN_POINT('Origin',(-1.5499999999999,-1.60000000000007,2.89));
#2202=CARTESIAN_POINT('Origin',(-1.5499999999999,-1.70000000000007,2.89));
#2203=CARTESIAN_POINT('Origin',(-1.64999999999995,-0.90000000000009,2.89));
#2204=CARTESIAN_POINT('',(-1.74999999999995,-0.900000000000096,2.89));
#2205=CARTESIAN_POINT('',(-1.64999999999995,-0.90000000000009,2.99));
#2206=CARTESIAN_POINT('Origin',(-1.5499999999999,-1.60000000000007,2.99));
#2207=CARTESIAN_POINT('',(-1.7499999999999,-1.60000000000009,2.29));
#2208=CARTESIAN_POINT('',(-1.5499999999999,-1.80000000000007,2.29));
#2209=CARTESIAN_POINT('Origin',(-1.5499999999999,-1.60000000000007,2.29));
#2210=CARTESIAN_POINT('',(-1.5499999999999,-1.80000000000007,2.99));
#2211=CARTESIAN_POINT('',(-1.7499999999999,-1.60000000000009,2.99));
#2212=CARTESIAN_POINT('Ctrl Pts',(1.55,-1.79999999999998,2.89));
#2213=CARTESIAN_POINT('Ctrl Pts',(1.75,-1.79999999999998,2.89));
#2214=CARTESIAN_POINT('Ctrl Pts',(1.75,-1.59999999999998,2.89));
#2215=CARTESIAN_POINT('Ctrl Pts',(1.55,-1.79999999999998,2.99));
#2216=CARTESIAN_POINT('Ctrl Pts',(1.75,-1.79999999999998,2.99));
#2217=CARTESIAN_POINT('Ctrl Pts',(1.75,-1.59999999999998,2.99));
#2218=CARTESIAN_POINT('Ctrl Pts',(1.55,-1.69999999999998,2.99));
#2219=CARTESIAN_POINT('Ctrl Pts',(1.65,-1.69999999999998,2.99));
#2220=CARTESIAN_POINT('Ctrl Pts',(1.65,-1.59999999999998,2.99));
#2221=CARTESIAN_POINT('',(1.75,-1.59999999999998,2.89));
#2222=CARTESIAN_POINT('',(1.55000000000001,-1.79999999999998,2.89));
#2223=CARTESIAN_POINT('Origin',(1.55,-1.59999999999998,2.89));
#2224=CARTESIAN_POINT('',(1.65,-1.59999999999998,2.99));
#2225=CARTESIAN_POINT('Origin',(1.65,-1.59999999999998,2.89));
#2226=CARTESIAN_POINT('',(1.55000000000001,-1.69999999999998,2.99));
#2227=CARTESIAN_POINT('Origin',(1.55,-1.59999999999998,2.99));
#2228=CARTESIAN_POINT('Origin',(1.55000000000001,-1.69999999999998,2.89));
#2229=CARTESIAN_POINT('Origin',(1.65000000000001,-0.650000000000002,2.89));
#2230=CARTESIAN_POINT('',(1.65,-1.25857864376269,2.99));
#2231=CARTESIAN_POINT('',(1.65000000000001,-0.650000000000002,2.99));
#2232=CARTESIAN_POINT('',(1.75,-1.3,2.89));
#2233=CARTESIAN_POINT('',(1.75000000000001,-0.650000000000003,2.89));
#2234=CARTESIAN_POINT('Origin',(1.65,-1.25857864376269,2.89));
#2235=CARTESIAN_POINT('Origin',(0.875000000000025,-1.7,2.89));
#2236=CARTESIAN_POINT('',(0.875000000000025,-1.7,2.99));
#2237=CARTESIAN_POINT('',(0.875000000000028,-1.8,2.89));
#2238=CARTESIAN_POINT('Origin',(1.55,-1.59999999999998,2.99));
#2239=CARTESIAN_POINT('',(1.55000000000001,-1.79999999999998,2.29));
#2240=CARTESIAN_POINT('',(1.75,-1.59999999999998,2.29));
#2241=CARTESIAN_POINT('Origin',(1.55,-1.59999999999998,2.29));
#2242=CARTESIAN_POINT('',(1.75,-1.59999999999998,2.99));
#2243=CARTESIAN_POINT('',(1.55000000000001,-1.79999999999998,2.99));
#2244=CARTESIAN_POINT('Origin',(1.69178932188135,-1.21678932188135,2.89));
#2245=CARTESIAN_POINT('',(1.7625,-1.2875,2.89));
#2246=CARTESIAN_POINT('',(1.69178932188135,-1.21678932188135,2.99));
#2247=CARTESIAN_POINT('Origin',(1.8,-0.96715728752538,2.99));
#2248=CARTESIAN_POINT('',(1.94142135623731,-1.10857864376269,2.29));
#2249=CARTESIAN_POINT('',(2.,-0.96715728752538,2.29));
#2250=CARTESIAN_POINT('Origin',(1.8,-0.96715728752538,2.29));
#2251=CARTESIAN_POINT('',(2.,-0.96715728752538,2.99));
#2252=CARTESIAN_POINT('',(1.94142135623731,-1.10857864376269,2.99));
#2253=CARTESIAN_POINT('Origin',(1.9,0.525000000000001,2.89));
#2254=CARTESIAN_POINT('',(1.9,0.525000000000001,2.99));
#2255=CARTESIAN_POINT('',(2.,0.525000000000002,2.89));
#2256=CARTESIAN_POINT('Origin',(1.8,0.967157287525384,2.99));
#2257=CARTESIAN_POINT('',(2.,0.967157287525384,2.29));
#2258=CARTESIAN_POINT('',(1.94142135623731,1.10857864376269,2.29));
#2259=CARTESIAN_POINT('Origin',(1.8,0.967157287525384,2.29));
#2260=CARTESIAN_POINT('',(1.94142135623731,1.10857864376269,2.99));
#2261=CARTESIAN_POINT('',(2.,0.967157287525384,2.99));
#2262=CARTESIAN_POINT('Origin',(1.56678932188135,1.34178932188135,2.89));
#2263=CARTESIAN_POINT('',(1.65,1.25857864376269,2.99));
#2264=CARTESIAN_POINT('',(1.56678932188135,1.34178932188135,2.99));
#2265=CARTESIAN_POINT('',(1.75,1.3,2.89));
#2266=CARTESIAN_POINT('',(1.6375,1.4125,2.89));
#2267=CARTESIAN_POINT('Origin',(1.65,1.25857864376269,2.89));
#2268=CARTESIAN_POINT('Origin',(1.65,0.89999999999999,2.89));
#2269=CARTESIAN_POINT('',(1.75,0.899999999999991,2.89));
#2270=CARTESIAN_POINT('',(1.65,0.89999999999999,2.99));
#2271=CARTESIAN_POINT('Origin',(1.55,1.59999999999998,2.99));
#2272=CARTESIAN_POINT('',(1.75,1.59999999999998,2.29));
#2273=CARTESIAN_POINT('',(1.55000000000001,1.79999999999998,2.29));
#2274=CARTESIAN_POINT('Origin',(1.55,1.59999999999998,2.29));
#2275=CARTESIAN_POINT('',(1.55000000000001,1.79999999999998,2.99));
#2276=CARTESIAN_POINT('',(1.75,1.59999999999998,2.99));
#2277=CARTESIAN_POINT('Origin',(-0.874999999999921,1.70000000000005,2.89));
#2278=CARTESIAN_POINT('',(-0.874999999999921,1.70000000000005,2.99));
#2279=CARTESIAN_POINT('',(-0.874999999999918,1.80000000000005,2.89));
#2280=CARTESIAN_POINT('Origin',(-1.5499999999999,1.60000000000007,2.99));
#2281=CARTESIAN_POINT('',(-1.54999999999989,1.80000000000007,2.29));
#2282=CARTESIAN_POINT('',(-1.7499999999999,1.60000000000008,2.29));
#2283=CARTESIAN_POINT('Origin',(-1.5499999999999,1.60000000000007,2.29));
#2284=CARTESIAN_POINT('',(-1.7499999999999,1.60000000000008,2.99));
#2285=CARTESIAN_POINT('',(-1.54999999999989,1.80000000000007,2.99));
#2286=CARTESIAN_POINT('Origin',(-1.74999999999989,-1.80000000000008,2.99));
#2287=CARTESIAN_POINT('',(-1.74999999999992,-1.30000000000011,2.29));
#2288=CARTESIAN_POINT('',(-1.74999999999992,-1.30000000000011,2.99));
#2289=CARTESIAN_POINT('',(-1.74999999999988,-2.00000000000011,2.29));
#2290=CARTESIAN_POINT('Origin',(-1.74999999999992,-1.30000000000011,2.99));
#2291=CARTESIAN_POINT('',(-1.74999999999992,-1.30000000000011,2.29));
#2292=CARTESIAN_POINT('Origin',(-2.00000000000006,-1.04999999999988,2.99));
#2293=CARTESIAN_POINT('',(-1.99999999999994,1.05000000000012,2.29));
#2294=CARTESIAN_POINT('Origin',(-1.99999999999994,1.05000000000012,2.99));
#2295=CARTESIAN_POINT('',(-1.74999999999992,1.30000000000011,2.29));
#2296=CARTESIAN_POINT('',(-1.74999999999992,1.30000000000011,2.99));
#2297=CARTESIAN_POINT('',(-1.74999999999992,1.30000000000011,2.29));
#2298=CARTESIAN_POINT('Origin',(-1.74999999999992,1.30000000000011,2.99));
#2299=CARTESIAN_POINT('',(-1.74999999999988,2.00000000000011,2.29));
#2300=CARTESIAN_POINT('Origin',(-1.74999999999989,1.80000000000008,2.99));
#2301=CARTESIAN_POINT('',(1.75,1.79999999999997,2.29));
#2302=CARTESIAN_POINT('Origin',(8.32667268468867E-16,0.,2.29));
#2303=CARTESIAN_POINT('',(1.75,1.3,2.29));
#2304=CARTESIAN_POINT('',(1.75,2.,2.29));
#2305=CARTESIAN_POINT('',(1.75,1.3,2.29));
#2306=CARTESIAN_POINT('',(2.,-1.05,2.29));
#2307=CARTESIAN_POINT('',(1.75,-1.3,2.29));
#2308=CARTESIAN_POINT('',(1.75,-1.3,2.29));
#2309=CARTESIAN_POINT('',(1.75,-2.,2.29));
#2310=CARTESIAN_POINT('',(-1.74999999999989,-1.80000000000008,2.29));
#2311=CARTESIAN_POINT('Origin',(8.32667268468867E-16,0.,2.99));
#2312=CARTESIAN_POINT('Origin',(2.,-1.05,2.99));
#2313=CARTESIAN_POINT('',(1.75,-1.3,2.99));
#2314=CARTESIAN_POINT('Origin',(2.,1.05,2.99));
#2315=CARTESIAN_POINT('Origin',(1.75,1.3,2.99));
#2316=CARTESIAN_POINT('',(1.75,1.3,2.99));
#2317=CARTESIAN_POINT('Origin',(1.75,1.79999999999997,2.99));
#2318=CARTESIAN_POINT('Origin',(1.75,-1.79999999999997,2.99));
#2319=CARTESIAN_POINT('Origin',(1.75,-1.3,2.99));
#2320=CARTESIAN_POINT('',(0.,0.,0.));
#2321=CARTESIAN_POINT('Origin',(0.,0.,0.7));
#2322=CARTESIAN_POINT('',(-1.8,-2.20436423846524E-16,2.29));
#2323=CARTESIAN_POINT('Origin',(0.,0.,2.29));
#2324=CARTESIAN_POINT('',(-1.8,2.20436423846524E-16,0.7));
#2325=CARTESIAN_POINT('',(-1.8,-2.20436423846524E-16,0.7));
#2326=CARTESIAN_POINT('Origin',(0.,0.,0.7));
#2327=CARTESIAN_POINT('Origin',(0.,0.,0.7));
#2328=CARTESIAN_POINT('Origin',(0.,0.,2.29));
#2329=CARTESIAN_POINT('',(0.,0.,0.));
#2330=CARTESIAN_POINT('Origin',(1.64999999999984,-1.05,0.));
#2331=CARTESIAN_POINT('',(1.64999999999984,-2.00000000000009,0.));
#2332=CARTESIAN_POINT('',(1.64999999999984,-1.05,0.));
#2333=CARTESIAN_POINT('',(1.64999999999984,-2.00000000000009,0.));
#2334=CARTESIAN_POINT('',(1.64999999999984,-2.00000000000009,-0.01));
#2335=CARTESIAN_POINT('',(1.64999999999984,-2.00000000000009,0.));
#2336=CARTESIAN_POINT('',(1.64999999999984,-1.05,-0.01));
#2337=CARTESIAN_POINT('',(1.64999999999984,-2.00000000000009,-0.01));
#2338=CARTESIAN_POINT('',(1.64999999999984,-1.05,0.));
#2339=CARTESIAN_POINT('Origin',(-1.64999999999983,-1.05,0.));
#2340=CARTESIAN_POINT('',(-1.64999999999983,-1.05,0.));
#2341=CARTESIAN_POINT('',(1.64999999999984,-1.05,0.));
#2342=CARTESIAN_POINT('',(-1.64999999999983,-1.05,-0.01));
#2343=CARTESIAN_POINT('',(1.64999999999984,-1.05,-0.01));
#2344=CARTESIAN_POINT('',(-1.64999999999983,-1.05,0.));
#2345=CARTESIAN_POINT('Origin',(-1.65000000000046,-2.00000000000009,0.));
#2346=CARTESIAN_POINT('',(-1.65000000000046,-2.00000000000009,0.));
#2347=CARTESIAN_POINT('',(-1.64999999999983,-1.05,0.));
#2348=CARTESIAN_POINT('',(-1.65000000000046,-2.00000000000009,-0.01));
#2349=CARTESIAN_POINT('',(-1.64999999999983,-1.05,-0.01));
#2350=CARTESIAN_POINT('',(-1.65000000000046,-2.00000000000009,0.));
#2351=CARTESIAN_POINT('Origin',(1.64999999999984,-2.00000000000009,0.));
#2352=CARTESIAN_POINT('',(-1.65000000000046,-2.00000000000009,0.));
#2353=CARTESIAN_POINT('',(-1.65000000000046,-2.00000000000009,-0.01));
#2354=CARTESIAN_POINT('Origin',(-3.10584891138888E-13,-1.52500000000004,
-0.01));
#2355=CARTESIAN_POINT('Origin',(-3.10584891138888E-13,-1.52500000000004,
0.));
#2356=CARTESIAN_POINT('Origin',(-1.65000000000016,2.00000000000009,0.));
#2357=CARTESIAN_POINT('',(-1.65000000000016,2.00000000000009,0.));
#2358=CARTESIAN_POINT('',(1.64999999999984,2.00000000000009,0.));
#2359=CARTESIAN_POINT('',(-1.65000000000016,2.00000000000009,0.));
#2360=CARTESIAN_POINT('',(1.64999999999984,2.00000000000009,-0.01));
#2361=CARTESIAN_POINT('',(1.64999999999984,2.00000000000009,0.));
#2362=CARTESIAN_POINT('',(-1.65000000000016,2.00000000000009,-0.01));
#2363=CARTESIAN_POINT('',(-1.65000000000016,2.00000000000009,-0.01));
#2364=CARTESIAN_POINT('',(-1.65000000000016,2.00000000000009,0.));
#2365=CARTESIAN_POINT('Origin',(-1.64999999999953,1.05,0.));
#2366=CARTESIAN_POINT('',(-1.64999999999953,1.05,0.));
#2367=CARTESIAN_POINT('',(-1.64999999999953,1.05,0.));
#2368=CARTESIAN_POINT('',(-1.64999999999953,1.05,-0.01));
#2369=CARTESIAN_POINT('',(-1.64999999999953,1.05,-0.01));
#2370=CARTESIAN_POINT('',(-1.64999999999953,1.05,0.));
#2371=CARTESIAN_POINT('Origin',(1.64999999999984,1.05,0.));
#2372=CARTESIAN_POINT('',(1.64999999999984,1.05,0.));
#2373=CARTESIAN_POINT('',(1.64999999999984,1.05,0.));
#2374=CARTESIAN_POINT('',(1.64999999999984,1.05,-0.01));
#2375=CARTESIAN_POINT('',(1.64999999999984,1.05,-0.01));
#2376=CARTESIAN_POINT('',(1.64999999999984,1.05,0.));
#2377=CARTESIAN_POINT('Origin',(1.64999999999984,2.00000000000009,0.));
#2378=CARTESIAN_POINT('',(1.64999999999984,2.00000000000009,0.));
#2379=CARTESIAN_POINT('',(1.64999999999984,2.00000000000009,-0.01));
#2380=CARTESIAN_POINT('Origin',(-1.57374113740616E-13,1.52500000000004,
-0.01));
#2381=CARTESIAN_POINT('Origin',(-1.57374113740616E-13,1.52500000000004,
0.));
#2382=CARTESIAN_POINT('',(0.,0.,0.));
#2383=CARTESIAN_POINT('',(0.,0.,0.));
#2384=CARTESIAN_POINT('',(0.,0.,0.));
#2385=UNCERTAINTY_MEASURE_WITH_UNIT(LENGTH_MEASURE(0.01),#2395,
'DISTANCE_ACCURACY_VALUE',
'Maximum model space distance between geometric entities at asserted c
onnectivities');
#2386=UNCERTAINTY_MEASURE_WITH_UNIT(LENGTH_MEASURE(0.01),#2395,
'DISTANCE_ACCURACY_VALUE',
'Maximum model space distance between geometric entities at asserted c
onnectivities');
#2387=UNCERTAINTY_MEASURE_WITH_UNIT(LENGTH_MEASURE(0.01),#2395,
'DISTANCE_ACCURACY_VALUE',
'Maximum model space distance between geometric entities at asserted c
onnectivities');
#2388=UNCERTAINTY_MEASURE_WITH_UNIT(LENGTH_MEASURE(0.01),#2395,
'DISTANCE_ACCURACY_VALUE',
'Maximum model space distance between geometric entities at asserted c
onnectivities');
#2389=UNCERTAINTY_MEASURE_WITH_UNIT(LENGTH_MEASURE(0.01),#2395,
'DISTANCE_ACCURACY_VALUE',
'Maximum model space distance between geometric entities at asserted c
onnectivities');
#2390=(
GEOMETRIC_REPRESENTATION_CONTEXT(3)
GLOBAL_UNCERTAINTY_ASSIGNED_CONTEXT((#2385))
GLOBAL_UNIT_ASSIGNED_CONTEXT((#2395,#2397,#2398))
REPRESENTATION_CONTEXT('','3D')
);
#2391=(
GEOMETRIC_REPRESENTATION_CONTEXT(3)
GLOBAL_UNCERTAINTY_ASSIGNED_CONTEXT((#2386))
GLOBAL_UNIT_ASSIGNED_CONTEXT((#2395,#2397,#2398))
REPRESENTATION_CONTEXT('','3D')
);
#2392=(
GEOMETRIC_REPRESENTATION_CONTEXT(3)
GLOBAL_UNCERTAINTY_ASSIGNED_CONTEXT((#2387))
GLOBAL_UNIT_ASSIGNED_CONTEXT((#2395,#2397,#2398))
REPRESENTATION_CONTEXT('','3D')
);
#2393=(
GEOMETRIC_REPRESENTATION_CONTEXT(3)
GLOBAL_UNCERTAINTY_ASSIGNED_CONTEXT((#2388))
GLOBAL_UNIT_ASSIGNED_CONTEXT((#2395,#2397,#2398))
REPRESENTATION_CONTEXT('','3D')
);
#2394=(
GEOMETRIC_REPRESENTATION_CONTEXT(3)
GLOBAL_UNCERTAINTY_ASSIGNED_CONTEXT((#2389))
GLOBAL_UNIT_ASSIGNED_CONTEXT((#2395,#2397,#2398))
REPRESENTATION_CONTEXT('','3D')
);
#2395=(
LENGTH_UNIT()
NAMED_UNIT(*)
SI_UNIT(.MILLI.,.METRE.)
);
#2396=(
LENGTH_UNIT()
NAMED_UNIT(*)
SI_UNIT($,.METRE.)
);
#2397=(
NAMED_UNIT(*)
PLANE_ANGLE_UNIT()
SI_UNIT($,.RADIAN.)
);
#2398=(
NAMED_UNIT(*)
SI_UNIT($,.STERADIAN.)
SOLID_ANGLE_UNIT()
);
#2399=SHAPE_DEFINITION_REPRESENTATION(#2403,#2410);
#2400=SHAPE_DEFINITION_REPRESENTATION(#2404,#2411);
#2401=SHAPE_DEFINITION_REPRESENTATION(#2405,#2412);
#2402=SHAPE_DEFINITION_REPRESENTATION(#2406,#2413);
#2403=PRODUCT_DEFINITION_SHAPE('',$,#2415);
#2404=PRODUCT_DEFINITION_SHAPE('',$,#2416);
#2405=PRODUCT_DEFINITION_SHAPE('',$,#2417);
#2406=PRODUCT_DEFINITION_SHAPE('',$,#2418);
#2407=PRODUCT_DEFINITION_SHAPE($,$,#20);
#2408=PRODUCT_DEFINITION_SHAPE($,$,#21);
#2409=PRODUCT_DEFINITION_SHAPE($,$,#22);
#2410=SHAPE_REPRESENTATION('',(#1385,#1522,#1523,#1524),#2390);
#2411=SHAPE_REPRESENTATION('',(#1386),#2391);
#2412=SHAPE_REPRESENTATION('',(#1503),#2392);
#2413=SHAPE_REPRESENTATION('',(#1509),#2393);
#2414=PRODUCT_DEFINITION_CONTEXT('part definition',#2428,'design');
#2415=PRODUCT_DEFINITION('SWPA4030','SWPA4030 v5',#2419,#2414);
#2416=PRODUCT_DEFINITION('Body','Body',#2420,#2414);
#2417=PRODUCT_DEFINITION('Coil','Coil',#2421,#2414);
#2418=PRODUCT_DEFINITION('Pins','Pins',#2422,#2414);
#2419=PRODUCT_DEFINITION_FORMATION('',$,#2430);
#2420=PRODUCT_DEFINITION_FORMATION('',$,#2431);
#2421=PRODUCT_DEFINITION_FORMATION('',$,#2432);
#2422=PRODUCT_DEFINITION_FORMATION('',$,#2433);
#2423=PRODUCT_RELATED_PRODUCT_CATEGORY('SWPA4030 v5','SWPA4030 v5',(#2430));
#2424=PRODUCT_RELATED_PRODUCT_CATEGORY('Body','Body',(#2431));
#2425=PRODUCT_RELATED_PRODUCT_CATEGORY('Coil','Coil',(#2432));
#2426=PRODUCT_RELATED_PRODUCT_CATEGORY('Pins','Pins',(#2433));
#2427=APPLICATION_PROTOCOL_DEFINITION('international standard',
'automotive_design',2009,#2428);
#2428=APPLICATION_CONTEXT(
'Core Data for Automotive Mechanical Design Process');
#2429=PRODUCT_CONTEXT('part definition',#2428,'mechanical');
#2430=PRODUCT('SWPA4030','SWPA4030 v5',$,(#2429));
#2431=PRODUCT('Body','Body',$,(#2429));
#2432=PRODUCT('Coil','Coil',$,(#2429));
#2433=PRODUCT('Pins','Pins',$,(#2429));
#2434=PRESENTATION_STYLE_ASSIGNMENT((#2438));
#2435=PRESENTATION_STYLE_ASSIGNMENT((#2439));
#2436=PRESENTATION_STYLE_ASSIGNMENT((#2440));
#2437=PRESENTATION_STYLE_ASSIGNMENT((#2441));
#2438=SURFACE_STYLE_USAGE(.BOTH.,#2442);
#2439=SURFACE_STYLE_USAGE(.BOTH.,#2443);
#2440=SURFACE_STYLE_USAGE(.BOTH.,#2444);
#2441=SURFACE_STYLE_USAGE(.BOTH.,#2445);
#2442=SURFACE_SIDE_STYLE('',(#2446));
#2443=SURFACE_SIDE_STYLE('',(#2447));
#2444=SURFACE_SIDE_STYLE('',(#2448));
#2445=SURFACE_SIDE_STYLE('',(#2449));
#2446=SURFACE_STYLE_FILL_AREA(#2450);
#2447=SURFACE_STYLE_FILL_AREA(#2451);
#2448=SURFACE_STYLE_FILL_AREA(#2452);
#2449=SURFACE_STYLE_FILL_AREA(#2453);
#2450=FILL_AREA_STYLE('Steel - Satin',(#2454));
#2451=FILL_AREA_STYLE('Nylon 12 (with Formlabs Fuse 1 3D Printer)',(#2455));
#2452=FILL_AREA_STYLE('Plastic - Matte (Black)',(#2456));
#2453=FILL_AREA_STYLE('Silver - Polished',(#2457));
#2454=FILL_AREA_STYLE_COLOUR('Steel - Satin',#2458);
#2455=FILL_AREA_STYLE_COLOUR(
'Nylon 12 (with Formlabs Fuse 1 3D Printer)',#2459);
#2456=FILL_AREA_STYLE_COLOUR('Plastic - Matte (Black)',#2460);
#2457=FILL_AREA_STYLE_COLOUR('Silver - Polished',#2461);
#2458=COLOUR_RGB('Steel - Satin',0.627450980392157,0.627450980392157,0.627450980392157);
#2459=COLOUR_RGB('Nylon 12 (with Formlabs Fuse 1 3D Printer)',0.247058823529412,
0.247058823529412,0.247058823529412);
#2460=COLOUR_RGB('Plastic - Matte (Black)',0.0980392156862745,0.0980392156862745,
0.0980392156862745);
#2461=COLOUR_RGB('Silver - Polished',0.984313725490196,0.980392156862745,
0.96078431372549);
ENDSEC;
END-ISO-10303-21;
